Time,TIWC202G,TIWC202F,TIWC202E,TIWC202D,TIWC202C,TIWC202B,TIWC202A,TINC301H,TINC301G,TINC301F,TINC301E,TINC301D,TINC301C,TINC301B,TINC301A,TINC302H,TINC302G,TINC302F,TINC302E,TINC302D,TINC302C,TINC302B,TINC302A,TINC303H,TINC303G,TINC303F,TINC303E,TINC303D,TINC303C,TINC303B,TINC303A,TINC304H,TINC304G,TINC304F,TINC304E,TINC304D,TINC304C,TINC304B,TINC304A,TINC205H,TINC205G,TINC205F,TINC205E,TINC205D,TINC205C,TINC205B,TINC205A,TINC305H,TINC305G,TINC305F,TINC305E,TINC305D,TINC305C,TINC305B,TINC305A,TINC306H,TINC306G,TINC306F,TINC306E,TINC306D,TINC306C,TINC306B,TINC306A,TINC307H,TINC307G,TINC307F,TINC307E,TINC307D,TINC307C,TINC307B,TINC307A,TINC207H,TINC207G,TINC207F,TINC207E,TINC207D,TINC207C,TINC207B,TINC207A,TINC208H,TINC208G,TINC208F,TINC208E,TINC208D,TINC208C,TINC208B,TINC208A,TINC209H,TINC209G,TINC209F,TINC209E,TINC209D,TINC209C,TINC209B,TINC209A,TINC211H,TINC211G,TINC211F,TINC211E,TINC211D,TINC211C,TINC211B,TINC211A,TINC213H,TINC213G,TINC213F,TINC213E,TINC213D,TINC213C,TINC213B,TINC213A,TIWC214G,TIWC214F,TIWC214E,TIWC214D,TIWC214C,TIWC214B,TIWC214A
s,C,C,C,C,C,C,C,C,C,C,C,C,C,C,C,C,C,C,C,C,C,C,C,C,C,C,C,C,C,C,C,C,C,C,C,C,C,C,C,C,C,C,C,C,C,C,C,C,C,C,C,C,C,C,C,C,C,C,C,C,C,C,C,C,C,C,C,C,C,C,C,C,C,C,C,C,C,C,C,C,C,C,C,C,C,C,C,C,C,C,C,C,C,C,C,C,C,C,C,C,C,C,C,C,C,C,C,C,C,C,C,C,C,C,C,C,C,C
0.00,5.54,5.59,6.13,5.41,6.31,5.34,6.14,8.60,6.87,6.25,6.72,5.62,5.69,5.59,6.10,9.22,7.77,7.23,7.77,6.82,6.95,6.66,6.95,10.54,9.25,8.39,7.93,7.39,7.05,6.97,7.18,33.10,19.90,9.88,7.64,9.02,9.10,7.67,8.56,34.30,27.33,20.89,13.80,15.92,21.42,39.69,20.95,40.45,19.24,23.47,23.78,14.58,8.62,9.28,9.33,23.01,25.28,17.56,11.20,8.59,7.23,7.39,7.60,14.37,12.14,11.61,9.33,7.95,7.69,7.80,8.48,10.05,9.55,8.54,7.95,7.80,7.72,7.75,7.99,10.96,10.04,9.40,8.73,8.90,8.65,8.47,8.11,10.32,9.35,9.10,9.50,9.38,9.28,9.07,8.99,11.31,10.72,9.68,9.53,9.25,9.08,9.00,8.95,10.43,10.44,10.29,10.34,10.06,9.78,9.86,10.35,10.77,10.47,10.21,9.78,9.81,9.58,9.25
2.00,5.54,5.59,6.13,5.41,6.31,5.34,6.14,8.60,6.87,6.25,6.72,5.62,5.69,5.59,6.10,9.22,7.77,7.23,7.77,6.82,6.95,6.66,6.95,66.57,50.41,20.25,9.55,8.88,8.52,6.97,7.18,114.14,82.57,58.78,16.58,12.11,12.25,10.71,11.06,107.75,94.56,67.83,45.85,57.25,123.14,178.93,60.95,158.34,63.85,67.39,66.67,26.15,17.26,17.67,15.00,99.60,100.91,69.87,36.26,11.64,9.52,9.50,8.80,56.86,37.31,41.07,24.51,15.14,8.80,7.80,8.48,28.26,21.11,18.00,11.74,9.35,7.72,7.75,7.99,10.96,10.04,9.40,8.73,8.90,8.65,8.47,8.11,10.32,9.35,9.10,9.50,9.38,9.28,9.07,8.99,11.31,10.72,9.68,9.53,9.25,9.08,9.00,8.95,10.43,10.44,10.29,10.34,10.06,9.78,9.86,10.35,10.77,10.47,10.21,9.78,9.81,9.58,9.25
18.50,5.54,5.59,6.13,5.41,6.31,5.34,6.14,14.09,6.87,6.25,6.72,5.62,5.69,5.59,6.10,84.29,59.77,15.89,9.20,8.24,8.33,8.06,8.29,197.09,177.47,110.31,23.49,11.36,10.70,9.20,9.12,299.99,249.39,223.47,76.73,18.85,18.29,17.25,17.28,360.64,342.80,259.36,176.77,180.48,320.66,343.95,140.95,419.06,161.30,147.49,168.04,59.53,38.73,32.46,31.59,289.89,277.37,210.73,122.11,20.28,14.17,13.16,12.12,200.65,122.52,150.79,79.76,33.56,10.95,10.72,10.68,133.56,104.95,94.31,47.70,27.26,9.95,9.17,9.29,48.51,41.07,33.46,22.60,12.27,8.65,8.47,8.11,10.32,9.35,9.10,9.50,9.38,9.28,9.07,8.99,11.31,10.72,9.68,9.53,9.25,9.08,9.00,8.95,10.43,10.44,10.29,10.34,10.06,9.78,9.86,10.35,10.77,10.47,10.21,9.78,9.81,9.58,9.25
48.00,5.54,5.59,6.13,5.41,6.31,5.34,6.14,59.11,31.07,8.10,6.72,7.08,5.69,5.59,6.10,153.10,133.84,53.27,11.52,8.24,8.33,8.06,8.29,303.79,289.36,227.19,105.98,14.38,12.85,11.36,11.34,442.55,392.73,349.17,203.57,29.58,22.04,23.00,24.11,728.01,712.79,539.02,361.77,264.82,360.70,457.78,196.23,683.39,285.44,314.29,299.10,100.02,69.05,58.28,54.75,450.87,443.36,352.67,223.68,47.97,21.25,18.73,17.83,330.31,199.22,262.14,150.35,60.72,13.91,14.56,14.21,247.58,205.90,187.19,102.55,57.83,14.15,10.60,9.29,123.63,115.39,101.41,52.04,26.37,15.28,8.47,8.11,40.68,48.94,36.22,30.11,16.95,9.28,9.07,8.99,11.31,10.72,9.68,9.53,9.25,9.08,9.00,8.95,10.43,10.44,10.29,10.34,10.06,9.78,9.86,10.35,10.77,10.47,10.21,9.78,9.81,9.58,9.25
77.00,5.54,5.59,6.13,5.41,6.31,5.34,6.14,83.29,56.74,9.84,6.72,7.08,5.69,5.59,6.10,170.57,153.93,92.32,15.24,9.63,8.33,8.06,8.29,317.02,306.96,253.56,141.24,14.38,12.85,11.36,11.34,473.97,435.33,368.69,239.84,39.21,23.57,23.00,23.53,874.90,830.45,679.77,438.49,289.18,336.10,508.28,238.67,957.48,446.51,555.26,445.72,172.71,106.69,90.62,81.03,562.08,557.64,444.43,297.34,105.85,31.37,27.21,25.12,400.92,249.08,328.32,210.87,107.55,17.77,18.36,18.09,304.32,262.27,232.55,149.19,97.91,22.13,12.14,10.70,179.60,170.47,147.96,82.78,46.35,25.30,10.57,9.25,111.18,104.65,81.10,65.89,30.06,23.15,9.07,8.99,36.25,32.79,26.91,25.52,14.05,9.08,9.00,8.95,10.43,10.44,10.29,10.34,10.06,9.78,9.86,10.35,10.77,10.47,10.21,9.78,9.81,9.58,9.25
106.50,5.54,5.59,6.13,5.41,6.31,5.34,6.14,72.86,54.00,9.84,6.72,7.08,5.69,5.59,6.10,151.25,135.24,89.11,13.83,9.63,8.33,8.06,8.29,281.40,270.20,224.41,114.71,14.38,12.85,11.36,11.34,396.22,378.25,323.98,232.34,56.86,25.88,23.00,26.04,716.79,689.72,608.15,439.50,310.59,317.93,459.46,256.46,1068.81,610.84,751.03,572.53,274.81,124.40,108.45,100.44,626.86,595.86,513.21,380.98,179.86,44.98,36.54,33.24,441.07,280.70,378.72,265.57,140.20,23.52,23.65,22.27,342.19,305.76,280.16,189.08,133.79,29.72,13.62,12.14,209.80,204.67,178.18,114.22,65.56,35.89,12.73,10.66,146.06,136.13,105.87,81.60,42.56,37.81,11.38,9.97,86.16,82.63,68.72,57.20,35.52,18.74,11.48,8.95,20.04,27.24,21.20,20.26,15.39,9.78,9.86,10.35,10.77,10.47,10.21,9.78,9.81,9.58,9.25
136.00,5.54,5.59,6.13,5.41,6.31,5.34,6.14,55.92,39.55,9.84,6.72,7.08,5.69,5.59,6.10,136.63,122.41,77.21,14.50,9.63,8.33,8.06,8.29,267.53,255.24,217.10,119.05,17.66,12.85,11.36,9.90,389.46,366.52,329.35,264.70,111.25,30.27,26.49,30.88,643.35,628.22,584.24,502.37,418.36,419.96,418.02,243.38,1086.93,704.08,831.26,662.64,409.42,148.91,121.61,115.53,630.74,621.69,568.29,459.03,253.90,57.41,43.21,36.62,467.31,304.76,414.42,304.70,182.04,31.95,27.94,25.44,364.95,335.72,307.70,216.36,161.22,41.19,16.53,14.47,232.92,225.79,202.34,139.80,84.98,49.74,15.99,12.11,164.80,154.21,128.87,96.15,50.63,43.14,14.49,11.38,109.01,102.38,89.95,72.47,51.97,37.42,23.88,21.02,41.48,48.64,36.14,36.15,31.68,29.61,28.84,28.82,14.54,16.44,17.21,15.15,13.01,12.80,9.25
166.00,6.43,5.59,6.13,5.41,7.12,5.34,6.14,141.37,116.11,83.08,42.62,28.39,7.15,7.02,7.53,265.38,241.14,201.39,127.16,50.25,11.64,11.29,10.45,446.52,423.98,385.96,324.98,158.83,30.15,16.45,16.41,662.87,589.06,533.86,453.15,320.54,74.23,47.67,53.37,904.77,855.39,772.68,657.15,582.29,534.49,446.88,238.57,794.39,604.41,727.87,542.05,282.10,115.33,91.70,92.88,530.90,529.60,481.33,366.84,159.65,51.21,38.72,32.46,405.63,273.39,368.96,295.29,181.87,41.23,27.94,25.44,322.83,312.90,281.10,221.63,161.61,43.75,21.36,17.52,223.07,221.46,193.11,153.03,105.00,52.91,20.15,14.64,157.92,155.12,138.96,112.75,64.88,47.59,39.54,33.14,102.11,85.10,73.29,66.81,56.51,51.77,48.54,45.42,48.17,46.23,43.93,40.32,38.48,41.63,42.80,41.64,20.81,20.70,18.65,17.54,16.59,15.08,11.27
197.00,69.49,91.90,104.82,34.49,9.40,7.55,7.68,368.62,347.09,288.69,219.91,187.33,33.90,13.93,13.04,488.13,471.09,459.02,407.21,298.58,137.16,34.95,23.37,694.24,691.45,668.27,638.02,540.65,330.98,165.60,80.50,958.92,937.11,904.15,851.20,780.08,604.89,248.56,174.73,693.57,634.67,566.35,471.36,439.11,509.40,474.01,234.67,534.03,482.91,483.85,214.09,103.88,74.00,54.83,60.36,375.54,340.23,277.75,177.19,88.28,46.04,38.72,32.46,286.25,206.82,267.43,195.81,104.14,43.72,30.29,26.98,232.60,242.11,208.88,150.04,95.10,48.31,31.15,23.40,176.26,176.78,152.91,124.65,82.71,59.24,36.30,26.96,118.13,111.37,98.71,77.23,56.42,56.13,49.96,45.53,52.91,47.69,45.15,43.29,41.85,41.89,41.88,41.86,34.97,30.15,30.23,25.89,26.31,28.09,28.27,28.47,9.10,8.23,7.10,5.93,6.40,6.09,6.74
227.50,171.71,206.68,231.45,198.69,74.88,16.58,13.98,453.76,437.97,405.60,372.11,374.90,238.26,67.34,32.72,565.41,559.07,551.28,516.64,468.25,377.03,205.95,85.65,755.55,755.62,743.59,701.81,637.97,533.08,368.74,264.39,966.31,950.73,915.20,850.68,780.48,677.88,430.28,235.70,530.60,465.45,367.95,319.35,355.24,490.57,451.25,213.19,418.23,389.41,341.74,141.31,82.70,63.66,47.48,50.96,282.13,227.33,173.01,119.09,82.50,55.50,41.24,34.22,208.34,155.06,172.59,129.44,85.40,60.65,36.93,32.88,172.06,187.00,145.39,108.37,83.32,62.05,43.49,31.90,132.55,132.72,111.29,92.34,67.89,56.53,44.89,36.89,54.35,54.60,49.86,47.13,44.17,44.90,42.77,41.59,32.00,31.49,30.27,29.95,29.62,29.43,29.39,29.76,23.39,17.62,18.83,16.47,15.82,16.95,17.36,18.67,9.10,8.23,7.10,5.93,6.40,6.09,6.74
258.00,219.98,259.89,297.65,278.91,201.56,106.93,49.47,475.33,465.03,441.86,408.75,422.14,334.15,226.11,110.40,563.88,561.37,559.65,535.88,498.87,434.03,311.50,217.52,727.51,722.33,695.92,657.09,587.36,491.87,350.37,267.40,886.98,889.65,858.80,797.95,743.94,627.09,403.03,216.56,420.44,328.18,245.11,243.08,301.76,469.13,435.29,181.16,289.70,342.94,277.13,117.85,79.32,61.79,49.88,50.96,196.73,153.86,129.74,96.55,76.18,58.88,47.13,38.34,156.97,115.73,121.92,101.33,73.59,52.90,41.29,32.88,128.51,143.51,102.74,82.14,65.23,50.37,41.38,33.60,99.57,99.19,78.55,63.69,49.23,43.80,39.13,33.74,36.06,33.95,33.41,33.25,33.64,32.19,32.34,33.20,19.19,18.74,18.21,17.92,17.23,16.82,17.58,17.94,15.48,11.26,12.81,10.85,10.35,10.82,11.88,12.66,9.10,8.23,7.10,5.93,6.40,6.09,6.74
287.00,247.45,284.45,317.31,305.89,244.67,198.47,136.02,472.05,461.97,449.04,411.74,429.88,355.28,279.70,186.59,545.12,538.00,540.00,518.72,486.90,436.40,333.23,225.41,701.07,694.09,662.82,606.15,519.98,419.79,307.48,230.96,936.21,925.38,857.27,753.13,672.27,558.66,353.93,200.02,335.79,238.80,177.29,197.51,270.26,448.39,402.23,157.15,189.18,310.71,232.45,96.66,64.47,52.60,45.25,47.00,134.10,116.50,103.30,78.57,61.37,51.27,42.96,36.05,109.54,92.17,94.35,77.08,57.04,41.56,36.75,33.93,97.72,114.62,75.97,59.94,46.44,38.55,34.59,30.65,73.77,77.95,55.75,42.25,35.02,33.36,31.53,28.21,24.24,22.90,22.49,22.01,23.51,22.00,22.76,23.50,13.06,11.98,12.16,11.66,11.20,10.90,11.45,12.09,11.10,9.14,9.93,8.69,8.20,8.68,9.73,9.70,9.10,8.23,7.10,5.93,6.40,6.09,6.74
316.50,261.63,296.36,326.35,313.19,260.17,224.09,176.31,474.43,464.17,454.28,417.17,430.39,356.14,285.85,206.41,547.95,543.16,545.64,523.37,491.08,435.19,333.09,224.29,698.25,686.78,658.88,606.96,528.88,420.06,297.89,218.74,927.70,902.21,851.89,743.63,656.43,542.36,338.51,207.39,273.85,185.15,136.12,165.05,252.29,445.01,391.28,139.74,143.19,284.60,192.64,73.58,49.15,43.36,38.18,40.39,106.01,95.61,80.63,60.49,46.50,40.52,35.30,31.45,80.51,80.06,70.92,54.78,43.02,32.38,31.30,29.38,77.77,93.44,54.64,41.31,33.21,29.89,27.52,26.04,55.65,58.13,35.12,26.98,23.68,23.89,23.99,22.58,16.62,14.89,15.21,15.82,17.96,15.90,16.67,17.27,10.93,9.86,9.99,9.50,9.05,10.90,11.45,9.90,8.83,7.71,8.54,8.69,8.20,8.68,8.31,9.70,9.10,8.23,7.10,5.93,6.40,6.09,6.74
347.50,272.23,307.12,332.65,317.90,270.27,237.10,189.11,473.48,463.70,459.29,416.98,430.03,356.04,284.32,210.73,546.15,540.16,539.10,516.51,486.39,429.92,332.93,217.34,677.39,666.82,632.42,584.98,503.22,401.27,286.68,203.59,895.26,868.97,807.52,700.28,630.94,522.74,316.14,200.46,227.81,145.81,103.41,136.41,239.78,432.30,395.38,129.70,114.86,258.69,164.11,55.67,36.81,34.54,30.72,33.59,84.18,75.80,61.57,43.84,33.47,30.55,27.90,25.85,64.07,70.26,52.94,37.86,33.84,25.07,25.74,24.18,61.80,74.62,39.65,29.89,23.55,22.48,21.29,21.38,35.64,36.60,20.82,18.23,16.90,17.00,17.93,17.98,13.19,12.04,11.64,12.83,14.74,12.88,13.04,13.63,9.52,9.86,8.57,9.50,9.05,8.73,11.45,8.49,8.83,7.71,8.54,7.28,8.20,7.28,8.31,11.65,9.10,8.23,7.10,5.93,6.40,6.09,6.74
378.00,280.34,309.83,331.93,317.60,272.13,244.01,192.02,475.01,463.25,460.25,417.88,428.53,354.61,283.70,211.48,538.47,532.93,533.19,513.60,484.87,428.88,333.80,217.52,676.85,660.25,632.10,585.39,515.49,404.76,281.35,199.78,907.49,861.96,799.62,683.59,622.46,528.95,319.23,209.04,199.52,125.74,92.89,131.15,242.03,439.70,411.39,139.30,94.46,238.50,139.85,41.83,29.51,27.74,25.66,28.80,68.23,61.14,46.98,31.01,24.34,23.33,22.36,21.26,54.07,62.37,38.93,28.43,26.80,19.92,20.63,19.82,49.55,59.71,29.06,21.86,18.11,17.61,16.93,17.60,20.58,23.12,15.35,14.38,13.95,14.10,15.11,14.26,10.89,10.65,11.64,11.38,14.74,11.48,13.04,11.50,9.52,9.86,8.57,9.50,9.05,8.73,8.55,8.49,7.41,7.71,8.54,7.28,8.20,7.28,8.31,8.25,9.10,8.23,7.10,5.93,6.40,6.09,6.74
408.50,286.12,318.77,335.98,319.27,276.31,248.89,196.42,473.59,464.83,462.46,418.15,427.95,355.89,282.45,211.77,542.49,537.79,537.94,515.77,487.28,434.30,346.75,223.18,680.47,673.94,653.14,604.08,520.18,404.05,283.63,204.32,830.72,807.64,766.10,685.02,656.67,559.99,321.81,230.94,178.84,117.12,87.66,130.26,253.24,459.49,433.92,160.58,84.23,222.15,121.47,34.12,25.57,27.74,23.54,28.80,56.70,49.93,35.96,23.66,19.64,18.96,18.67,17.42,45.42,56.95,29.25,22.87,22.17,16.33,17.66,17.01,39.52,47.58,22.90,18.04,15.25,15.37,14.81,15.34,15.99,17.73,13.21,14.38,13.95,12.70,13.67,14.26,10.89,10.65,11.64,11.38,12.55,11.48,13.04,11.50,9.52,9.86,8.57,9.50,9.05,8.73,8.55,8.49,7.41,7.71,7.13,7.28,8.20,7.28,8.31,8.25,9.10,8.23,7.10,5.93,6.40,6.09,6.74
438.50,291.03,324.57,335.91,322.02,279.34,254.70,198.13,473.60,463.81,463.40,420.01,427.41,354.95,285.12,215.82,536.05,531.24,531.57,509.52,480.75,427.04,341.30,223.26,659.30,642.35,614.15,568.15,493.56,403.66,284.67,198.41,817.68,782.10,735.58,637.75,613.86,535.46,334.29,235.30,160.51,113.76,87.67,128.68,268.25,488.24,451.66,191.72,75.26,209.01,109.82,34.12,25.57,27.74,25.17,29.68,46.78,39.65,28.98,19.99,17.30,16.74,16.56,15.27,37.38,52.60,24.21,19.13,19.23,16.33,16.27,14.89,30.38,37.93,19.27,15.84,15.25,13.97,13.41,13.90,14.58,15.48,13.21,12.25,12.50,12.70,13.67,12.11,10.89,10.65,10.24,11.38,12.55,11.48,13.04,11.50,9.52,9.86,8.57,9.50,9.05,8.73,8.55,8.49,7.41,7.71,7.13,7.28,6.79,7.28,8.31,8.25,9.10,8.23,7.10,5.93,6.40,6.09,6.74
468.50,293.24,323.82,340.27,324.50,282.71,258.92,200.43,473.52,464.24,463.67,419.01,427.12,355.91,286.35,220.01,535.35,531.25,531.23,510.18,481.48,433.71,355.77,233.22,672.78,652.93,620.44,572.05,494.28,402.51,282.46,198.98,807.17,764.71,733.69,667.29,642.08,568.67,346.12,248.10,159.82,116.61,94.57,134.67,286.85,496.36,473.84,219.29,65.12,197.21,102.08,34.12,25.57,28.58,26.74,31.65,37.44,30.36,23.54,17.74,15.85,15.34,15.16,15.27,29.52,48.75,21.24,16.85,17.06,14.17,14.83,14.89,21.24,30.60,17.10,15.84,13.13,12.58,13.41,13.90,14.58,14.05,13.21,12.25,12.50,12.70,12.19,12.11,10.89,10.65,10.24,11.38,12.55,11.48,10.95,11.50,9.52,9.86,8.57,8.11,9.05,8.73,8.55,8.49,7.41,7.71,7.13,7.28,6.79,7.28,8.31,8.25,9.10,8.23,7.10,5.93,6.40,6.09,6.74
498.50,295.75,324.67,338.62,324.42,283.54,260.44,203.69,473.68,463.51,462.17,417.89,425.61,354.26,286.33,222.47,542.14,536.60,536.65,513.59,482.20,427.27,346.12,225.64,665.77,658.88,632.94,584.67,515.20,409.15,282.10,199.41,810.65,764.78,726.89,660.55,631.17,567.49,347.82,265.99,168.04,123.46,98.34,142.24,295.87,490.57,480.00,232.93,75.00,184.91,98.35,34.12,27.19,31.09,28.19,33.43,28.34,23.16,19.56,16.31,14.43,15.34,15.16,15.27,22.35,45.78,18.43,15.39,17.06,14.17,14.83,14.89,16.03,26.11,15.67,13.69,13.13,12.58,12.02,12.49,14.58,14.05,13.21,12.25,12.50,12.70,12.19,12.11,10.89,9.18,10.24,11.38,11.13,11.48,10.95,11.50,9.52,9.86,8.57,8.11,9.05,8.73,8.55,8.49,7.41,7.71,7.13,7.28,6.79,7.28,8.31,8.25,9.10,8.23,7.10,5.93,6.40,6.09,6.74
528.50,296.37,324.41,336.21,323.70,284.76,260.44,203.70,471.58,465.94,464.16,421.32,427.84,355.41,290.03,223.47,536.99,533.61,534.88,514.45,483.91,429.76,337.57,222.43,657.04,641.74,614.46,569.94,500.97,406.53,284.71,198.38,781.13,741.84,709.24,639.39,626.17,542.67,335.24,271.43,184.73,141.55,109.61,147.17,295.65,493.82,488.84,246.37,89.52,178.10,96.45,34.12,27.19,33.32,30.01,33.43,22.30,19.40,19.56,16.31,14.43,15.34,15.16,15.27,18.59,45.78,18.43,15.39,15.58,12.78,14.83,13.48,16.03,23.21,15.67,13.69,13.13,12.58,12.02,12.49,14.58,14.05,11.79,12.25,12.50,11.28,12.19,12.11,10.89,9.18,10.24,11.38,11.13,11.48,10.95,11.50,9.52,8.47,8.57,8.11,9.05,8.73,8.55,8.49,7.41,7.71,7.13,7.28,6.79,7.28,8.31,8.25,9.10,8.23,7.10,5.93,6.40,6.09,6.74
558.50,295.71,324.19,339.11,320.50,282.49,260.38,204.34,474.71,465.37,463.47,420.21,427.31,359.33,295.01,225.07,535.56,533.69,532.81,514.53,485.06,429.36,336.39,224.04,662.38,651.53,626.09,579.97,515.88,425.47,291.44,201.15,791.53,736.55,696.05,620.05,615.57,557.65,341.00,283.34,197.73,159.76,117.48,151.51,305.09,504.36,491.15,253.26,108.15,173.84,94.09,35.65,29.51,33.32,31.41,35.22,20.13,19.40,17.45,16.31,14.43,15.34,15.16,15.27,18.59,43.62,16.24,15.39,15.58,12.78,13.44,13.48,16.03,21.08,14.25,13.69,11.66,12.58,12.02,12.49,14.58,12.63,11.79,12.25,12.50,11.28,12.19,10.70,10.89,9.18,10.24,9.99,11.13,11.48,10.95,10.09,9.52,8.47,8.57,8.11,9.05,8.73,8.55,8.49,7.41,7.71,7.13,7.28,6.79,7.28,8.31,8.25,9.10,8.23,7.10,5.93,6.40,6.09,6.74
588.50,299.03,328.67,340.95,325.72,286.41,264.62,208.29,476.39,469.23,468.12,423.70,431.38,362.05,294.43,227.73,541.66,539.12,538.01,518.57,488.75,436.66,345.61,223.97,668.57,651.31,623.17,576.56,506.72,413.33,284.23,199.52,822.23,772.66,721.68,631.65,614.65,549.28,347.00,281.44,207.83,163.61,116.53,156.73,315.08,508.29,483.52,258.40,110.70,168.94,91.59,35.65,29.51,33.32,31.41,35.22,21.50,19.40,17.45,16.31,14.43,13.95,15.16,13.86,17.13,42.06,16.24,14.00,14.15,12.78,13.44,13.48,14.62,19.66,14.25,13.69,11.66,12.58,12.02,12.49,13.17,12.63,11.79,10.82,11.10,11.28,12.19,10.70,9.44,9.18,10.24,9.99,11.13,11.48,10.95,10.09,9.52,8.47,8.57,8.11,9.05,8.73,8.55,8.49,7.41,7.71,7.13,7.28,6.79,7.28,8.31,8.25,9.10,8.23,7.10,5.93,6.40,6.09,6.74
618.50,299.03,330.39,343.93,326.43,287.81,267.83,211.03,478.06,469.79,467.45,424.23,429.20,360.25,296.46,229.74,539.45,535.77,533.78,513.93,485.92,433.49,346.38,231.30,668.91,656.47,626.04,579.13,508.39,413.01,292.96,211.37,799.08,732.91,693.08,626.40,618.58,572.94,352.86,292.04,219.95,168.83,117.30,160.33,313.91,499.29,492.91,261.47,101.86,163.55,91.59,35.65,29.51,35.51,31.41,35.22,18.52,17.96,17.45,16.31,14.43,13.95,15.16,13.86,17.13,42.06,16.24,14.00,14.15,12.78,13.44,13.48,14.62,18.25,14.25,12.30,11.66,11.15,12.02,12.49,13.17,12.63,11.79,10.82,11.10,11.28,12.19,10.70,9.44,9.18,10.24,9.99,11.13,10.09,10.95,10.09,9.52,8.47,8.57,8.11,9.05,8.73,8.55,8.49,7.41,7.71,7.13,7.28,6.79,7.28,8.31,8.25,9.10,8.23,7.10,5.93,6.40,6.09,6.74
648.50,302.33,323.65,342.68,326.56,287.63,266.83,211.76,474.01,466.30,464.55,422.09,428.80,358.53,295.52,229.74,538.98,532.96,533.17,516.33,481.47,428.66,339.08,229.65,662.21,651.58,622.85,579.97,509.41,406.34,279.33,200.31,832.66,791.83,731.34,649.97,613.72,508.30,331.64,287.37,228.83,176.04,123.73,158.08,317.58,494.97,490.25,262.00,99.10,158.28,89.62,35.65,29.51,35.51,31.41,35.22,18.52,17.96,17.45,14.91,14.43,13.95,13.74,13.86,17.13,40.58,14.83,14.00,14.15,12.78,13.44,13.48,14.62,16.82,14.25,12.30,11.66,11.15,12.02,12.49,13.17,12.63,11.79,10.82,11.10,11.28,12.19,10.70,9.44,9.18,10.24,9.99,11.13,10.09,10.95,10.09,9.52,8.47,8.57,8.11,7.64,8.73,8.55,8.49,7.41,7.71,7.13,7.28,6.79,7.28,8.31,8.25,9.10,8.23,7.10,5.93,6.40,6.09,6.74
678.50,301.11,328.20,338.30,324.58,288.36,266.48,212.62,470.05,462.06,458.95,417.36,421.31,353.11,291.81,227.25,536.93,531.45,529.03,507.79,477.91,420.90,334.66,224.00,648.68,638.08,616.17,574.00,503.64,400.74,287.22,198.84,787.92,757.55,723.18,654.81,635.75,530.32,340.28,281.30,230.88,181.74,127.82,163.44,324.52,502.13,496.10,264.10,104.16,155.24,87.09,35.65,29.51,35.51,31.41,36.78,18.52,17.96,16.03,14.91,13.03,13.95,13.74,13.86,17.13,39.08,14.83,14.00,14.15,12.78,13.44,13.48,14.62,16.82,12.83,12.30,11.66,11.15,12.02,12.49,13.17,12.63,11.79,10.82,11.10,11.28,10.80,10.70,9.44,9.18,10.24,9.99,11.13,10.09,10.95,10.09,9.52,8.47,8.57,8.11,7.64,8.73,8.55,8.49,7.41,7.71,7.13,7.28,6.79,7.28,8.31,8.25,9.10,8.23,7.10,5.93,6.40,6.09,6.74
708.00,302.10,329.30,341.89,326.75,288.17,267.11,214.00,475.82,468.30,466.38,424.96,429.91,361.39,294.75,228.59,547.16,542.88,540.63,517.78,489.65,430.27,352.98,235.80,688.45,672.99,643.52,592.90,513.74,424.24,297.29,216.31,791.24,735.52,698.28,635.09,625.92,598.24,349.42,302.36,230.77,183.73,131.90,160.67,316.80,500.02,499.42,267.40,114.30,152.06,84.68,35.65,29.51,35.51,31.41,36.78,20.48,17.96,16.03,14.91,13.03,13.95,13.74,13.86,15.72,39.08,14.83,12.60,14.15,12.78,13.44,13.48,14.62,15.43,12.83,12.30,11.66,11.15,10.62,11.08,13.17,12.63,11.79,10.82,11.10,11.28,10.80,10.70,9.44,9.18,10.24,9.99,11.13,10.09,10.95,10.09,9.52,8.47,8.57,8.11,7.64,8.73,8.55,8.49,7.41,7.71,7.13,7.28,6.79,7.28,8.31,8.25,9.10,8.23,7.10,5.93,6.40,6.09,6.74
738.00,310.33,335.73,349.42,332.97,293.88,272.82,217.28,485.36,478.05,474.94,432.53,439.08,368.81,304.19,238.42,550.00,545.88,542.96,523.15,494.46,443.59,359.38,243.20,681.59,664.43,635.96,591.67,519.68,423.90,292.37,206.10,829.16,786.66,738.08,647.70,623.74,554.94,360.22,306.50,229.81,177.38,133.80,165.04,325.02,535.10,496.30,267.27,104.13,148.80,84.68,35.65,29.51,35.51,31.41,36.78,18.26,16.56,16.03,14.91,13.03,13.95,13.74,13.86,15.72,37.66,14.83,12.60,12.75,11.38,13.44,13.48,13.21,15.43,12.83,12.30,11.66,11.15,10.62,11.08,13.17,12.63,11.79,10.82,11.10,11.28,10.80,10.70,9.44,9.18,10.24,9.99,11.13,10.09,10.95,10.09,9.52,8.47,8.57,8.11,7.64,8.73,8.55,8.49,7.41,7.71,7.13,7.28,6.79,7.28,8.31,8.25,9.10,8.23,7.10,5.93,6.40,6.09,6.74
768.50,310.33,338.39,347.38,331.83,295.62,273.27,220.50,475.29,470.44,468.51,425.74,430.54,359.73,297.99,235.58,541.10,538.75,536.03,516.76,487.38,435.86,351.06,234.30,671.64,658.22,625.69,572.76,491.12,396.76,281.77,200.05,804.14,760.00,716.70,653.49,639.87,552.77,335.36,290.67,232.00,177.67,133.05,163.38,319.94,511.37,501.48,271.07,96.95,146.56,82.92,34.26,28.12,35.51,31.41,36.78,18.26,16.56,16.03,14.91,13.03,13.95,13.74,13.86,15.72,36.23,14.83,12.60,12.75,11.38,12.04,12.07,13.21,15.43,12.83,12.30,11.66,11.15,10.62,11.08,13.17,12.63,11.79,10.82,11.10,11.28,10.80,10.70,9.44,9.18,10.24,9.99,11.13,10.09,10.95,10.09,9.52,8.47,8.57,8.11,7.64,8.73,8.55,8.49,7.41,7.71,7.13,7.28,6.79,7.28,8.31,8.25,9.10,8.23,7.10,5.93,6.40,6.09,6.74
798.50,309.84,335.45,346.43,333.72,294.44,274.00,220.63,484.06,476.62,473.85,431.98,435.97,365.29,300.66,237.03,549.98,546.56,546.07,525.52,494.84,441.55,360.54,241.52,694.90,679.12,644.55,597.31,519.15,415.31,294.10,214.95,761.99,723.55,702.56,651.38,648.98,559.77,340.15,306.01,238.58,178.45,132.55,161.01,321.29,526.93,508.46,274.96,106.06,143.25,81.30,34.26,28.12,35.51,31.41,35.90,18.26,16.56,16.03,14.91,13.03,13.95,13.74,13.86,15.72,34.76,13.41,12.60,12.75,11.38,12.04,12.07,13.21,15.43,12.83,12.30,11.66,11.15,10.62,11.08,13.17,11.23,11.79,10.82,11.10,11.28,10.80,10.70,9.44,9.18,10.24,9.99,11.13,10.09,10.95,10.09,9.52,8.47,8.57,8.11,7.64,8.73,8.55,8.49,7.41,7.71,7.13,7.28,6.79,7.28,8.31,8.25,9.10,8.23,7.10,5.93,6.40,6.09,6.74
828.50,313.91,345.22,353.73,336.03,298.85,276.07,222.17,490.79,484.44,479.49,435.66,441.31,370.34,304.63,239.23,563.25,559.69,556.68,535.09,506.41,451.25,364.29,245.20,711.81,698.53,665.76,612.43,527.29,421.23,290.91,208.24,810.79,788.50,754.88,684.81,678.58,574.33,350.62,308.82,238.75,179.73,131.40,156.42,322.71,505.53,500.56,272.17,98.64,143.25,79.83,34.26,28.12,35.51,31.41,35.96,18.26,16.56,16.03,14.91,13.03,13.95,13.74,13.86,15.72,34.76,13.41,12.60,12.75,11.38,12.04,12.07,13.21,14.02,12.83,12.30,11.66,11.15,10.62,11.08,13.17,11.23,11.79,10.82,11.10,11.28,10.80,10.70,9.44,9.18,10.24,9.99,11.13,10.09,10.95,10.09,9.52,8.47,8.57,8.11,7.64,8.73,8.55,8.49,6.02,7.71,7.13,7.28,6.79,7.28,8.31,8.25,9.10,8.23,7.10,5.93,6.40,6.09,6.74
858.50,312.69,342.54,352.50,338.55,298.70,278.78,224.91,488.37,481.26,478.48,436.04,442.03,372.33,306.56,240.41,556.59,553.90,550.73,529.82,501.12,448.26,360.16,247.86,691.97,677.54,643.82,596.67,524.52,424.75,292.80,206.74,851.12,812.11,763.27,672.34,645.71,548.43,346.41,320.36,240.10,188.00,136.75,163.67,333.08,525.17,485.85,272.45,109.93,143.25,78.37,34.26,28.12,35.51,31.41,35.96,22.28,16.56,14.58,14.91,13.03,12.50,13.74,13.86,15.72,33.36,13.41,12.60,12.75,11.38,12.04,12.07,13.21,14.02,12.83,12.30,11.66,11.15,10.62,11.08,11.76,11.23,10.39,10.82,11.10,11.28,10.80,10.70,9.44,9.18,8.82,9.99,9.71,10.09,10.95,10.09,9.52,8.47,8.57,8.11,7.64,8.73,8.55,8.49,6.02,7.71,7.13,7.28,6.79,7.28,8.31,8.25,9.10,8.23,7.10,5.93,6.40,6.09,4.52
888.50,308.85,331.85,348.90,335.09,298.00,278.37,223.35,494.17,488.20,483.31,442.55,451.86,379.86,312.98,244.42,564.18,562.54,562.72,541.73,512.07,457.83,362.60,246.47,734.12,718.49,683.64,644.90,583.32,478.15,322.35,227.05,873.46,834.56,764.80,700.86,678.38,571.05,380.15,352.97,243.20,208.45,142.30,166.25,326.67,524.90,494.10,273.53,175.87,144.54,78.37,35.77,28.12,36.99,31.41,38.27,60.82,34.77,16.00,14.91,13.03,12.50,13.74,13.86,15.72,31.93,13.41,12.60,12.75,11.38,12.04,12.07,13.21,14.02,12.83,10.90,11.66,11.15,10.62,11.08,11.76,11.23,10.39,10.82,11.10,11.28,10.80,10.70,9.44,9.18,8.82,9.99,9.71,10.09,9.55,10.09,9.52,8.47,8.57,8.11,7.64,8.73,8.55,8.49,6.02,7.71,7.13,7.28,6.79,7.28,8.31,8.25,9.10,8.23,7.10,5.93,6.40,6.09,4.52
917.00,311.60,331.31,345.73,338.57,301.46,281.63,226.49,512.27,506.35,501.13,457.33,465.29,398.16,327.90,257.99,594.16,588.44,588.58,570.25,537.06,477.58,379.89,258.32,734.18,728.05,714.15,670.71,605.70,495.60,338.21,250.00,835.74,819.94,795.64,724.26,679.79,580.16,412.89,403.41,259.15,228.53,156.49,174.32,341.82,528.99,498.97,272.90,210.53,144.54,78.37,37.18,29.69,36.99,31.41,36.91,117.38,54.30,18.92,14.91,13.03,12.50,13.74,13.86,14.24,31.93,13.41,12.60,12.75,11.38,12.04,12.07,13.21,14.02,12.83,10.90,11.66,11.15,10.62,11.08,11.76,11.23,10.39,10.82,11.10,11.28,10.80,10.70,9.44,9.18,8.82,9.99,9.71,10.09,9.55,10.09,9.52,8.47,8.57,8.11,7.64,8.73,8.55,8.49,6.02,7.71,7.13,7.28,6.79,7.28,8.31,8.25,9.10,8.23,7.10,5.93,6.40,6.09,4.52
945.50,307.80,323.41,348.59,341.97,305.07,285.82,233.12,498.84,493.07,491.94,450.02,459.33,397.66,334.80,261.76,576.17,571.04,571.12,554.66,525.98,470.61,371.48,257.99,719.31,708.36,684.65,649.92,582.72,475.68,328.51,237.11,878.58,833.61,795.34,713.78,704.81,603.92,383.04,355.91,253.74,237.35,163.40,179.82,343.20,521.89,498.53,274.27,210.98,143.94,78.37,37.78,28.29,36.99,30.01,36.91,145.02,65.41,22.94,14.91,13.03,12.50,13.74,13.86,24.56,31.93,13.41,12.60,12.75,11.38,12.04,12.07,13.21,14.02,12.83,10.90,10.27,11.15,10.62,11.08,11.76,11.23,10.39,10.82,11.10,11.28,10.80,10.70,9.44,9.18,8.82,9.99,9.71,10.09,9.55,10.09,9.52,8.47,8.57,8.11,7.64,8.73,8.55,8.49,6.02,7.71,7.13,7.28,6.79,7.28,8.31,8.25,9.10,8.23,7.10,5.93,6.40,6.09,4.52
976.00,308.28,324.84,347.31,340.61,305.58,286.09,232.76,508.60,502.15,499.54,460.16,473.19,406.52,341.95,266.66,593.99,595.24,592.57,572.89,542.40,483.75,385.20,270.38,747.34,741.01,721.63,674.30,612.76,513.81,351.65,252.68,899.98,849.97,806.07,724.48,690.92,598.90,419.79,430.54,270.05,258.57,176.64,182.34,349.29,530.91,498.63,277.09,235.90,150.13,78.37,39.22,28.29,36.99,30.01,36.70,159.11,73.87,25.35,14.91,13.03,12.50,13.74,13.86,56.36,38.18,15.22,12.60,12.75,11.38,12.04,12.07,13.21,14.02,11.41,10.90,10.27,11.15,10.62,11.08,11.76,11.23,10.39,10.82,11.10,11.28,10.80,10.70,9.44,9.18,8.82,9.99,9.71,10.09,9.55,10.09,9.52,8.47,8.57,8.11,7.64,8.73,8.55,8.49,6.02,7.71,7.13,7.28,6.79,7.28,8.31,8.25,9.10,8.23,7.10,5.93,6.40,6.09,4.52
1007.50,306.29,321.11,345.63,342.49,306.98,289.30,237.08,503.81,499.52,496.58,456.75,467.33,405.35,343.78,265.74,581.11,584.67,583.00,562.14,532.94,473.85,379.93,268.71,720.36,713.38,690.84,658.72,610.88,522.46,358.76,259.79,868.47,820.86,771.01,704.67,686.45,605.14,419.02,417.06,273.25,267.28,178.38,182.02,355.84,526.01,502.07,278.26,246.59,150.99,78.37,39.22,28.29,36.99,30.82,35.91,161.37,79.53,26.76,16.46,13.03,12.50,13.74,13.86,81.29,47.76,16.87,12.60,12.75,11.38,12.04,12.07,13.21,14.02,11.41,10.90,10.27,11.15,10.62,11.08,11.76,11.23,10.39,10.82,11.10,11.28,10.80,10.70,9.44,9.18,8.82,9.99,9.71,10.09,9.55,10.09,9.52,8.47,8.57,8.11,7.64,8.73,8.55,8.49,6.02,7.71,7.13,7.28,6.79,7.28,8.31,8.25,9.10,8.23,7.10,5.93,6.40,6.09,4.52
1038.50,305.77,320.01,346.53,342.04,307.22,289.75,237.65,499.50,492.72,495.30,451.80,463.05,402.93,344.53,269.47,575.34,576.90,580.66,561.37,532.08,471.63,373.47,269.19,722.47,706.51,681.81,649.74,600.30,501.82,346.39,253.64,876.02,827.83,786.83,709.76,696.06,600.17,391.74,381.25,279.99,274.65,179.29,182.04,349.09,523.71,512.21,282.64,258.44,151.91,76.40,39.22,28.29,35.58,30.82,35.91,166.05,81.66,28.25,16.46,13.03,12.50,13.74,13.86,93.24,51.11,18.26,12.60,12.75,11.38,12.04,12.07,13.21,14.02,11.41,10.90,10.27,11.15,10.62,11.08,11.76,11.23,10.39,10.82,11.10,11.28,10.80,10.70,9.44,9.18,8.82,9.99,9.71,10.09,9.55,10.09,9.52,8.47,8.57,8.11,7.64,8.73,8.55,8.49,6.02,7.71,7.13,7.28,6.79,7.28,8.31,8.25,9.10,8.23,7.10,5.93,6.40,6.09,4.52
1067.00,306.70,322.95,345.35,341.38,306.91,290.77,237.35,504.60,498.80,498.35,459.15,469.43,404.90,348.90,269.60,588.10,590.50,589.75,569.30,543.14,483.85,383.40,272.72,744.47,737.53,711.60,674.12,615.12,504.95,347.94,255.49,934.93,898.54,863.22,774.42,738.19,603.86,381.55,386.79,271.80,266.28,180.79,182.08,348.73,534.41,498.73,279.88,245.49,151.91,76.40,39.22,28.29,35.58,30.82,35.91,161.81,79.29,28.25,16.46,13.03,12.50,13.74,13.86,94.18,49.63,20.98,12.60,12.75,11.38,12.04,12.07,13.21,14.02,11.41,10.90,10.27,11.15,10.62,11.08,11.76,11.23,10.39,10.82,11.10,11.28,10.80,10.70,9.44,9.18,8.82,9.99,9.71,10.09,9.55,10.09,9.52,8.47,8.57,8.11,7.64,8.73,8.55,8.49,6.02,7.71,7.13,7.28,6.79,7.28,8.31,8.25,9.10,8.23,7.10,5.93,6.40,6.09,4.52
1096.00,308.49,324.97,350.71,343.33,308.14,292.70,238.99,506.59,501.78,500.19,460.79,469.00,408.66,353.14,277.95,583.24,586.71,584.73,567.66,538.61,475.24,379.22,276.27,711.88,700.71,685.09,646.90,594.00,498.77,340.27,251.18,908.40,840.50,783.05,703.83,688.78,584.86,372.85,390.79,273.46,267.87,176.52,182.39,350.39,544.30,496.16,279.22,244.40,151.91,76.40,39.22,28.29,35.58,30.82,35.91,159.37,79.50,28.25,16.46,13.03,12.50,13.74,13.86,93.91,48.34,20.98,14.00,12.75,11.38,12.04,12.07,13.21,14.02,11.41,10.90,10.27,11.15,10.62,11.08,11.76,11.23,10.39,10.82,11.10,11.28,10.80,10.70,9.44,9.18,8.82,9.99,9.71,10.09,9.55,10.09,9.52,8.47,8.57,8.11,7.64,8.73,8.55,8.49,6.02,7.71,7.13,7.28,6.79,7.28,8.31,8.25,9.10,8.23,7.10,5.93,6.40,6.09,4.52
1126.50,306.97,320.26,346.04,343.36,307.78,292.12,240.52,493.30,487.51,488.08,448.83,452.83,395.12,343.49,275.08,568.78,566.84,564.69,547.25,517.18,455.77,358.73,264.02,689.59,675.93,649.72,617.25,565.67,480.22,337.71,250.47,854.12,830.05,786.60,684.23,666.46,582.22,359.18,377.69,268.03,265.67,168.60,173.92,342.56,510.99,497.78,280.76,230.71,148.86,73.71,37.71,28.29,35.58,30.82,35.91,151.68,73.88,28.25,16.46,13.03,12.50,13.74,13.86,91.92,44.05,20.98,14.00,12.75,11.38,12.04,12.07,13.21,14.02,11.41,10.90,10.27,11.15,10.62,11.08,11.76,11.23,10.39,10.82,11.10,11.28,10.80,10.70,9.44,9.18,8.82,9.99,9.71,10.09,9.55,10.09,9.52,8.47,8.57,8.11,7.64,8.73,8.55,8.49,6.02,7.71,7.13,7.28,6.79,7.28,8.31,8.25,9.10,8.23,7.10,5.93,6.40,6.09,4.52
1157.50,305.65,323.05,346.79,337.41,302.68,288.56,236.43,495.46,489.53,487.72,448.64,455.78,394.44,338.35,269.39,572.47,570.41,568.00,549.35,519.99,459.90,364.05,261.18,707.09,694.29,673.37,629.20,572.10,470.52,325.82,240.57,895.13,850.38,795.38,690.42,679.91,581.20,366.14,366.91,261.87,261.46,164.65,171.89,347.35,515.59,495.49,279.21,231.41,148.86,73.71,37.71,28.29,35.58,30.82,35.91,150.97,72.56,28.25,16.46,13.03,12.50,13.74,13.86,86.45,40.08,19.38,14.00,12.75,11.38,12.04,12.07,13.21,14.02,11.41,10.90,10.27,11.15,10.62,11.08,11.76,11.23,10.39,10.82,11.10,11.28,10.80,10.70,9.44,9.18,8.82,9.99,9.71,10.09,9.55,10.09,9.52,8.47,8.57,8.11,7.64,8.73,8.55,8.49,6.02,7.71,7.13,7.28,6.79,7.28,8.31,8.25,9.10,8.23,7.10,5.93,6.40,6.09,4.52
1188.50,307.62,324.77,346.75,338.47,303.78,290.06,237.70,490.03,485.16,484.69,445.34,453.86,392.40,338.52,266.76,559.71,560.87,556.29,539.97,513.67,455.33,355.91,260.72,682.73,667.51,641.01,607.72,554.65,468.17,319.94,239.34,873.07,835.27,781.11,671.53,650.28,566.65,360.86,350.68,263.73,262.86,167.67,175.88,343.50,525.51,506.04,281.76,226.95,146.37,71.31,36.24,28.29,34.11,30.82,34.49,149.72,69.35,28.25,16.46,13.03,12.50,13.74,13.86,83.18,39.68,19.38,14.00,12.75,11.38,12.04,12.07,13.21,12.58,11.41,10.90,10.27,11.15,10.62,11.08,11.76,11.23,10.39,10.82,11.10,11.28,10.80,10.70,9.44,9.18,8.82,9.99,9.71,10.09,9.55,10.09,9.52,8.47,8.57,8.11,7.64,8.73,8.55,8.49,6.02,7.71,7.13,7.28,6.79,7.28,8.31,8.25,9.10,8.23,7.10,5.93,6.40,6.09,4.52
1218.50,305.46,323.09,346.05,338.29,303.92,287.85,235.69,496.70,490.76,487.49,447.85,455.01,393.09,335.37,267.03,577.71,575.55,572.20,553.67,521.66,459.28,357.71,259.42,710.31,693.41,673.93,624.57,574.28,486.63,335.87,245.64,853.53,836.80,790.88,699.21,695.30,584.84,367.35,362.11,259.77,259.44,170.56,178.14,339.92,523.73,499.87,281.76,227.97,146.37,71.31,36.88,28.29,34.11,30.82,36.35,150.97,73.08,26.69,16.46,13.03,12.50,13.74,13.86,81.85,39.68,17.96,14.00,12.75,11.38,12.04,12.07,13.21,12.58,11.41,10.90,10.27,11.15,10.62,11.08,11.76,11.23,10.39,10.82,11.10,11.28,10.80,10.70,9.44,9.18,8.82,9.99,9.71,10.09,9.55,10.09,9.52,8.47,8.57,8.11,7.64,8.73,8.55,8.49,6.02,7.71,7.13,7.28,6.79,7.28,8.31,8.25,9.10,8.23,7.10,5.93,6.40,6.09,4.52
1248.50,306.45,321.21,346.92,338.86,305.13,289.08,236.36,494.80,488.30,486.11,448.09,454.23,393.67,338.16,268.55,566.20,563.89,561.39,542.35,511.78,453.35,355.11,262.55,682.49,668.64,640.39,611.34,557.36,477.02,331.60,243.15,856.30,829.84,779.07,679.83,666.51,586.77,344.83,337.75,253.80,247.82,168.91,179.86,335.47,527.23,506.88,286.27,226.11,146.37,71.31,37.01,28.29,34.11,30.82,36.35,148.98,70.23,26.69,16.46,13.03,12.50,13.74,13.86,84.65,39.68,17.96,14.00,12.75,11.38,12.04,12.07,13.21,12.58,11.41,10.90,10.27,11.15,10.62,11.08,11.76,11.23,10.39,10.82,11.10,11.28,10.80,10.70,9.44,9.18,8.82,9.99,9.71,10.09,9.55,10.09,9.52,8.47,8.57,8.11,7.64,8.73,8.55,8.49,6.02,7.71,7.13,7.28,6.79,7.28,8.31,8.25,9.10,8.23,7.10,5.93,6.40,6.09,4.52
1278.00,305.56,320.12,345.63,339.34,303.71,287.46,235.64,502.85,496.94,493.77,455.21,464.58,402.79,341.96,268.06,578.52,579.22,576.65,558.85,527.51,464.21,364.41,267.52,710.39,700.51,678.79,650.42,599.27,499.71,336.45,247.47,869.38,853.00,812.20,728.28,708.51,606.92,370.43,344.98,250.63,257.55,172.60,181.41,345.74,538.61,497.70,288.00,239.77,153.63,71.31,37.01,28.29,34.11,30.82,36.07,156.57,80.64,26.69,16.46,13.03,12.50,13.74,13.86,88.44,41.44,17.96,14.00,12.75,11.38,12.04,12.07,13.21,12.58,11.41,10.90,10.27,11.15,10.62,11.08,11.76,11.23,10.39,10.82,11.10,11.28,10.80,10.70,9.44,9.18,8.82,9.99,9.71,10.09,9.55,10.09,9.52,8.47,8.57,8.11,7.64,8.73,8.55,8.49,6.02,7.71,7.13,7.28,6.79,7.28,8.31,8.25,9.10,8.23,7.10,5.93,6.40,6.09,4.52
1308.00,308.52,326.20,349.50,341.25,307.43,291.42,239.85,501.89,496.25,495.64,457.07,464.92,404.72,346.57,270.36,581.78,583.29,581.46,562.16,532.54,467.65,364.34,266.36,717.99,707.08,683.74,650.51,599.70,501.29,341.37,247.01,880.23,858.75,812.99,716.68,704.69,611.38,373.98,357.75,260.40,263.98,182.25,189.28,349.58,526.88,505.88,286.86,245.24,151.21,72.89,37.01,28.29,34.11,30.82,36.07,162.23,88.16,28.10,16.46,13.03,12.50,13.74,13.86,94.21,45.45,19.52,14.00,12.75,11.38,12.04,12.07,13.21,14.10,11.41,10.90,10.27,11.15,10.62,11.08,11.76,11.23,10.39,10.82,11.10,11.28,10.80,10.70,9.44,9.18,8.82,9.99,9.71,10.09,9.55,10.09,9.52,8.47,8.57,8.11,7.64,8.73,8.55,8.49,6.02,7.71,7.13,7.28,6.79,7.28,8.31,8.25,9.10,8.23,7.10,5.93,6.40,6.09,4.52
1338.50,313.20,330.01,354.95,344.11,311.79,294.01,240.80,503.44,497.88,496.44,458.38,467.05,407.04,349.53,275.85,572.33,573.23,572.16,557.46,529.86,473.38,376.00,272.40,691.09,680.70,654.22,619.58,567.16,473.98,329.13,241.90,881.60,864.25,796.86,701.82,663.31,556.03,374.72,366.23,255.84,253.20,176.31,186.29,352.40,533.48,504.19,286.02,220.20,148.54,70.60,35.95,26.84,34.11,30.82,35.88,140.01,75.36,28.10,16.46,13.03,12.50,13.74,13.86,90.18,42.11,19.52,14.00,12.75,11.38,12.04,12.07,14.07,12.68,11.41,10.90,10.27,11.15,10.62,11.08,11.76,11.23,10.39,10.82,11.10,11.28,10.80,10.70,9.44,9.18,8.82,9.99,9.71,10.09,9.55,10.09,9.52,8.47,8.57,8.11,7.64,8.73,8.55,8.49,6.02,7.71,7.13,7.28,6.79,7.28,8.31,8.25,9.10,8.23,7.10,5.93,6.40,6.09,4.52
1367.50,319.05,346.94,362.40,349.13,313.97,294.01,247.47,492.07,489.95,486.19,447.50,449.66,390.19,333.69,269.92,557.88,554.89,551.62,533.89,510.66,457.10,370.93,262.38,664.53,652.66,623.55,585.47,520.07,427.05,301.13,224.40,881.64,837.58,762.00,653.54,622.77,516.81,330.14,331.66,240.19,218.14,157.68,173.89,338.29,524.46,493.72,284.62,154.09,141.39,67.21,33.25,26.84,32.69,28.36,35.88,85.81,51.40,25.72,15.04,13.03,12.50,12.35,12.45,64.39,34.87,16.63,12.55,11.33,11.38,12.04,12.07,14.07,12.68,11.41,10.90,10.27,11.15,10.62,11.08,11.76,11.23,10.39,10.82,11.10,11.28,10.80,10.70,9.44,9.18,8.82,9.99,9.71,10.09,9.55,10.09,9.52,8.47,8.57,8.11,7.64,8.73,8.55,8.49,6.02,7.71,7.13,7.28,6.79,7.28,8.31,8.25,9.10,8.23,7.10,5.93,6.40,6.09,4.52
1397.50,322.58,348.45,359.30,344.81,310.43,293.83,244.96,492.52,487.03,482.42,443.19,445.08,378.29,318.72,261.95,558.57,553.80,547.78,530.45,504.38,450.79,366.77,255.39,682.34,669.12,631.31,591.31,515.20,412.83,290.69,213.73,874.36,834.79,772.79,667.77,657.86,531.06,329.42,321.59,227.20,194.03,142.84,168.09,331.91,509.61,494.06,280.33,111.83,135.76,64.81,30.96,26.84,32.69,28.36,35.88,50.15,35.20,21.25,15.04,13.03,12.50,12.35,12.45,31.45,29.77,13.69,12.55,11.33,11.38,12.04,12.07,14.07,12.68,11.41,10.90,10.27,11.15,10.62,11.08,11.76,11.23,10.39,10.82,11.10,11.28,10.80,10.70,9.44,9.18,8.82,9.99,9.71,10.09,9.55,10.09,9.52,8.47,8.57,8.11,7.64,8.73,8.55,8.49,6.02,7.71,7.13,7.28,6.79,7.28,8.31,8.25,9.10,8.23,7.10,5.93,6.40,6.09,4.52
1428.00,322.58,349.63,361.53,346.55,311.66,291.95,241.53,493.29,487.18,485.40,445.39,448.94,382.81,322.35,261.75,555.53,555.50,551.87,534.46,507.60,457.49,377.50,267.30,675.08,667.61,640.37,599.18,529.39,424.04,303.87,224.80,810.67,787.50,738.54,650.85,643.99,570.22,340.53,328.63,226.03,187.59,142.28,162.16,332.63,508.05,502.14,282.49,120.99,132.95,63.41,30.96,26.84,32.69,28.36,36.40,36.22,24.78,16.83,13.64,13.03,12.50,12.35,12.45,15.98,29.77,12.25,12.55,11.33,11.38,12.04,12.07,14.07,12.68,11.41,10.90,10.27,11.15,10.62,11.08,11.76,11.23,10.39,10.82,11.10,11.28,10.80,10.70,9.44,9.18,8.82,9.99,9.71,10.09,9.55,10.09,9.52,8.47,8.57,8.11,7.64,8.73,8.55,8.49,6.02,7.71,7.13,7.28,6.79,7.28,8.31,8.25,9.10,8.23,7.10,5.93,6.40,6.09,4.52
1456.00,326.76,354.72,363.30,347.06,313.17,293.53,245.15,490.08,484.23,483.34,444.03,448.97,382.12,321.20,260.60,552.90,553.43,548.04,531.61,504.73,452.43,377.13,269.84,678.76,668.30,642.03,598.18,528.29,426.83,301.76,222.22,801.16,767.98,723.73,639.10,633.10,555.65,346.78,338.07,229.55,196.82,147.89,173.92,334.64,504.08,504.99,287.75,126.42,132.95,65.03,32.40,26.84,34.19,30.53,37.55,27.48,19.30,16.83,13.64,13.03,12.50,12.35,12.45,15.98,26.94,12.25,12.55,11.33,11.38,12.04,12.07,14.07,12.68,11.41,10.90,10.27,11.15,10.62,11.08,11.76,11.23,10.39,10.82,11.10,11.28,10.80,10.70,9.44,9.18,8.82,9.99,9.71,10.09,9.55,10.09,9.52,8.47,8.57,8.11,7.64,8.73,8.55,8.49,6.02,7.71,7.13,7.28,6.79,7.28,8.31,8.25,9.10,8.23,7.10,5.93,6.40,6.09,4.52
1484.50,328.00,353.36,363.46,348.66,313.59,294.42,244.11,494.13,486.78,485.72,445.32,450.64,382.31,322.01,262.27,554.74,553.83,549.33,532.30,507.21,457.38,380.60,262.61,681.65,668.94,640.83,593.80,519.99,414.39,294.72,219.12,813.82,785.54,735.25,635.98,641.24,569.04,345.35,344.45,233.22,200.86,151.65,175.97,334.45,525.56,500.07,287.43,137.17,132.95,65.03,32.40,26.84,34.19,30.53,35.76,27.00,19.30,14.61,13.64,13.03,12.50,12.35,12.45,15.98,26.94,12.25,11.15,11.33,11.38,12.04,12.07,11.95,12.68,11.41,10.90,10.27,11.15,10.62,11.08,11.76,11.23,10.39,10.82,11.10,11.28,10.80,10.70,9.44,9.18,8.82,9.99,9.71,10.09,9.55,10.09,9.52,8.47,8.57,8.11,7.64,8.73,8.55,8.49,6.02,7.71,7.13,7.28,6.79,7.28,8.31,8.25,9.10,8.23,7.10,5.93,6.40,6.09,4.52
1516.50,328.90,355.61,365.07,349.07,314.18,294.42,245.72,494.98,490.96,486.97,446.91,449.92,382.29,320.06,262.43,562.07,560.09,555.47,536.66,510.20,457.72,383.49,273.79,687.06,678.66,647.22,604.32,528.76,423.74,304.35,222.40,783.59,764.47,740.54,654.07,652.33,589.85,349.94,341.21,240.28,206.72,156.22,179.30,332.62,527.51,512.26,290.45,136.40,134.40,65.03,32.40,26.84,34.19,30.53,35.76,31.55,20.80,14.61,13.64,13.03,12.50,12.35,12.45,12.41,26.94,12.25,11.15,11.33,11.38,12.04,12.07,11.95,12.68,11.41,10.90,10.27,11.15,10.62,11.08,11.76,11.23,10.39,10.82,11.10,11.28,10.80,10.70,9.44,9.18,8.82,9.99,9.71,10.09,9.55,10.09,9.52,8.47,8.57,8.11,7.64,8.73,8.55,8.49,6.02,7.71,7.13,7.28,6.79,7.28,8.31,8.25,9.10,8.23,7.10,5.93,6.40,6.09,4.52
1548.50,329.59,355.74,366.42,350.75,314.20,296.19,246.60,494.17,487.59,485.93,446.19,451.53,382.25,324.56,263.53,557.23,554.48,550.85,533.34,507.96,456.70,386.49,275.05,683.14,669.86,635.04,586.09,510.06,421.20,306.02,221.35,763.49,749.71,723.98,648.77,657.59,565.05,339.23,342.29,238.30,204.57,154.03,175.18,324.64,521.42,503.29,290.27,132.86,132.87,66.47,33.91,26.84,35.70,30.53,37.49,29.16,21.02,14.61,13.64,11.64,12.50,12.35,12.45,12.41,25.54,12.25,11.15,11.33,11.38,12.04,12.07,11.95,12.68,11.41,10.90,10.27,11.15,10.62,11.08,11.76,11.23,10.39,10.82,11.10,11.28,10.80,10.70,9.44,9.18,8.82,9.99,9.71,10.09,9.55,10.09,9.52,8.47,8.57,8.11,7.64,8.73,8.55,8.49,6.02,7.71,7.13,7.28,6.79,7.28,8.31,8.25,9.10,8.23,7.10,5.93,6.40,6.09,5.95
1577.00,314.22,328.17,332.12,329.36,305.63,293.88,236.91,468.78,467.45,467.17,432.68,433.30,376.42,321.03,261.22,557.71,556.39,551.80,537.67,502.81,443.51,366.39,268.18,733.18,730.18,700.73,687.61,633.16,530.52,362.74,264.21,910.49,897.03,871.04,809.48,810.29,725.83,422.08,403.24,405.52,419.67,346.70,262.79,371.35,554.21,506.61,294.56,359.58,222.53,178.93,138.17,47.80,43.49,36.47,41.64,202.39,158.32,108.83,54.19,14.98,15.91,15.71,14.89,139.84,88.41,69.00,30.42,12.73,11.38,12.04,12.07,11.95,12.68,11.41,10.90,10.27,9.76,10.62,11.08,11.76,11.23,10.39,10.82,11.10,11.28,10.80,10.70,9.44,9.18,8.82,9.99,9.71,10.09,9.55,10.09,9.52,8.47,8.57,8.11,7.64,8.73,8.55,8.49,6.02,7.71,7.13,7.28,6.79,7.28,8.31,8.25,9.10,8.23,7.10,5.90,6.40,6.09,5.95
1605.50,202.84,201.73,156.32,147.52,125.76,139.71,61.87,387.48,393.24,386.06,368.12,353.99,315.72,280.79,226.94,443.43,452.71,453.36,443.35,418.56,383.67,328.66,255.67,577.84,582.78,559.76,521.97,490.31,449.05,359.20,293.80,745.04,770.49,723.44,633.21,625.32,561.15,454.83,405.48,870.90,888.66,817.84,764.87,701.07,745.41,537.54,316.70,957.30,500.16,569.95,685.80,470.89,191.13,96.53,94.57,609.06,631.30,517.08,420.09,248.21,67.76,35.26,32.32,426.09,258.45,347.67,224.36,148.23,51.86,20.07,20.34,294.12,230.67,232.85,135.50,88.46,31.52,13.79,13.65,154.84,137.38,138.35,81.91,31.55,14.67,12.19,10.70,9.44,9.18,8.82,9.99,9.71,10.09,9.55,10.09,9.52,8.47,8.57,8.11,9.10,8.73,8.55,8.49,6.02,7.71,7.13,7.28,8.24,7.28,8.31,8.25,7.18,8.23,6.31,5.90,6.40,6.87,5.95
1634.50,62.29,65.02,24.76,34.87,31.55,56.60,18.72,267.35,269.40,242.79,225.26,151.32,114.18,115.57,92.65,288.78,303.01,304.80,287.93,250.26,229.52,200.79,160.90,349.10,349.48,335.16,323.65,309.92,284.11,244.85,176.49,500.08,523.09,464.17,353.68,374.98,337.86,327.50,328.24,648.49,588.56,543.95,526.55,543.69,615.24,566.45,383.76,688.81,514.09,692.17,737.04,747.70,599.78,346.66,226.44,758.17,755.12,687.40,607.90,466.33,293.97,115.65,45.31,543.63,365.97,495.46,423.33,320.83,205.17,54.29,32.31,439.86,404.57,402.72,307.61,225.13,118.02,27.55,20.23,273.85,259.21,253.37,188.60,99.54,36.77,18.58,13.02,125.79,119.23,103.96,89.29,47.62,54.77,31.87,17.78,43.56,36.13,33.01,27.46,23.78,19.97,14.48,12.19,7.45,9.12,8.62,8.67,8.24,8.70,8.31,9.67,8.67,7.99,7.72,7.39,7.82,8.29,7.37
1666.00,40.40,42.36,16.64,23.25,22.28,37.89,16.78,182.54,157.77,117.73,118.95,68.71,61.75,74.76,56.57,202.37,216.14,174.92,148.73,116.28,126.05,105.02,83.91,258.80,242.62,213.96,184.35,151.20,124.74,118.59,66.93,378.59,375.40,330.99,188.75,219.31,168.92,189.90,231.47,504.33,427.28,367.90,357.53,396.67,446.04,481.77,413.50,500.51,455.09,543.47,579.20,620.03,603.28,411.46,327.24,693.91,690.14,655.81,598.15,495.76,396.59,246.88,139.78,526.85,376.79,508.83,444.49,354.17,274.69,129.82,51.07,449.66,429.13,419.27,344.58,277.07,193.26,71.08,42.34,310.07,309.37,298.70,245.79,168.25,105.82,48.40,17.95,184.38,180.22,167.59,156.63,107.86,123.13,79.15,44.23,96.04,96.69,91.19,84.93,76.36,65.60,51.63,26.98,28.14,31.84,29.04,31.06,27.08,24.08,18.88,15.17,14.78,18.17,16.91,14.52,13.76,12.80,9.54
1698.00,31.40,31.47,16.64,50.76,18.89,29.28,15.89,118.66,89.29,76.54,83.10,47.19,46.66,58.20,42.78,133.21,131.42,95.97,97.86,78.25,97.69,78.91,63.70,188.16,164.51,120.47,106.29,88.12,79.24,89.96,51.55,286.27,272.08,250.70,107.56,163.07,121.08,139.80,193.30,408.13,329.65,259.42,245.79,287.17,326.76,363.74,341.68,366.25,387.29,441.93,448.77,509.66,525.37,352.21,291.27,599.96,592.81,563.04,518.78,449.72,377.92,258.83,208.70,468.68,346.45,443.53,392.32,323.48,260.88,179.68,92.64,397.19,390.71,372.96,317.69,270.15,198.26,134.13,72.07,290.69,299.76,282.41,241.54,182.59,134.45,78.79,28.25,189.54,188.21,181.70,175.13,134.42,150.68,116.82,69.86,127.74,127.10,125.41,124.00,119.38,109.47,92.17,43.26,57.19,66.76,63.48,64.96,60.96,53.78,45.06,34.67,32.99,40.88,44.74,40.23,35.24,31.04,19.90
1728.00,25.91,25.43,13.91,42.49,16.72,22.91,13.21,80.48,62.13,58.83,65.67,37.67,40.11,49.66,37.63,95.68,94.92,73.18,77.06,61.60,80.89,64.41,54.18,139.41,115.59,83.95,83.81,70.04,63.61,76.00,44.09,216.30,218.31,216.99,76.83,129.24,98.88,116.98,173.89,335.26,258.61,187.16,169.13,218.74,247.92,289.32,275.11,284.93,356.01,371.74,379.69,480.98,517.75,340.59,288.40,490.80,488.22,476.09,431.89,365.95,292.56,203.47,176.24,407.67,317.88,384.11,343.45,291.98,241.15,180.60,141.17,357.23,352.11,333.49,289.81,249.59,194.17,153.05,100.29,272.88,281.35,265.53,236.47,193.87,145.26,105.42,44.60,189.95,187.03,181.67,175.71,141.21,157.26,134.61,102.61,133.95,133.94,134.05,131.25,130.42,124.09,113.12,77.95,79.70,87.24,84.19,88.43,84.12,80.86,73.37,59.56,59.99,68.21,71.20,67.12,61.35,56.00,41.23
1757.00,20.99,20.66,13.91,67.38,16.72,19.91,13.74,58.38,49.38,47.69,55.10,31.32,33.97,43.19,34.27,77.23,77.58,60.52,65.43,51.18,70.35,56.16,48.17,112.68,90.23,70.32,73.54,59.92,56.13,68.41,40.79,174.83,187.11,200.58,59.43,118.15,86.22,101.27,159.60,287.06,209.36,151.51,136.30,184.04,211.29,252.26,231.97,270.44,348.52,364.96,386.42,475.94,526.11,332.71,280.77,468.00,469.09,450.05,409.95,337.45,246.27,164.16,149.25,384.17,304.61,362.06,322.68,274.35,223.58,170.97,133.96,329.26,324.97,307.10,269.02,234.79,185.77,149.71,120.16,252.09,258.86,246.94,223.19,183.81,139.56,112.31,62.74,181.09,177.01,171.86,167.62,142.93,155.31,144.15,129.33,136.62,135.75,135.52,133.85,133.65,131.81,125.00,111.43,92.45,100.19,97.08,100.00,97.23,94.80,88.29,75.62,74.96,81.72,84.98,81.69,75.93,71.63,58.25
1787.00,18.86,17.64,13.91,61.18,14.41,17.40,11.80,53.41,42.45,41.69,47.91,28.01,30.13,39.62,31.17,66.94,67.82,52.50,57.25,45.25,60.89,50.75,44.28,96.29,75.57,63.09,67.67,53.63,50.45,62.77,37.90,156.63,164.63,185.25,49.39,103.22,78.64,92.33,148.77,254.03,182.23,129.58,119.91,168.16,195.15,237.58,205.24,241.60,334.99,352.43,358.86,466.21,529.57,327.36,283.92,444.10,450.98,428.05,391.70,314.05,234.03,152.80,139.23,368.42,295.69,342.64,306.05,265.27,219.25,167.02,132.69,318.43,316.11,300.53,268.44,235.50,187.09,150.96,124.83,245.01,251.41,241.10,219.36,188.51,143.75,114.95,75.96,178.02,172.41,166.47,161.16,139.77,147.57,137.76,127.99,132.41,131.39,133.00,130.02,130.32,128.79,124.85,116.25,99.82,103.87,103.36,105.19,104.00,101.47,95.20,83.87,80.59,89.50,90.77,88.75,82.49,78.83,71.98
1818.50,17.18,15.43,13.91,54.13,14.41,17.40,11.80,47.98,39.30,37.49,42.51,25.61,30.93,36.19,30.57,62.54,60.88,47.96,50.94,41.33,55.44,47.28,41.45,87.16,68.66,57.65,63.10,49.62,46.07,58.49,37.01,149.39,149.33,175.75,42.19,96.57,71.59,87.38,139.64,229.64,164.22,116.38,109.30,160.62,194.83,233.23,185.31,222.66,318.57,336.54,357.67,493.97,520.24,315.93,298.27,448.19,446.18,419.48,385.48,315.92,219.89,145.92,127.40,367.48,297.86,344.27,305.68,258.52,207.04,152.42,121.78,311.54,308.68,293.87,258.28,228.08,180.73,144.26,119.37,239.64,244.32,237.19,217.10,191.37,152.53,119.33,84.67,175.81,171.01,166.47,160.76,140.87,147.46,137.83,129.06,130.53,129.39,131.31,128.77,128.16,126.64,121.60,114.57,102.77,103.87,105.79,105.19,104.00,103.93,97.93,89.09,84.02,91.22,91.17,90.94,86.89,83.01,78.54
1848.50,15.75,14.02,11.53,48.14,12.82,14.19,11.19,45.79,36.51,35.07,39.80,25.61,27.81,33.77,30.57,61.35,56.82,44.96,47.35,38.76,51.89,43.84,39.03,81.70,64.42,53.77,59.21,47.40,43.86,54.87,34.82,139.65,138.89,168.09,266.90,89.20,69.13,82.74,130.21,215.51,154.35,111.45,108.04,157.29,183.74,229.75,172.88,260.20,336.45,363.91,394.06,478.16,512.03,295.95,276.43,441.59,452.46,430.79,385.94,300.56,200.98,132.79,119.94,365.86,298.51,336.76,295.81,248.53,194.28,142.85,115.00,312.54,306.87,290.78,257.57,221.36,173.69,137.33,114.26,240.76,244.84,235.98,214.54,190.50,152.53,122.06,91.13,175.24,170.03,164.84,159.17,140.50,144.34,135.13,126.70,129.36,129.79,130.00,126.70,128.16,124.99,121.60,114.19,104.31,105.58,107.20,106.41,104.00,103.93,99.59,90.49,85.37,90.58,93.28,91.63,87.87,84.87,78.54
1878.00,15.75,14.02,11.53,42.56,12.82,14.19,11.88,45.79,35.12,33.55,37.66,24.01,26.31,31.76,27.06,58.22,54.33,41.72,44.99,37.35,48.81,41.39,39.03,79.87,60.71,51.39,56.64,45.13,43.86,52.25,33.75,133.80,131.12,161.21,493.38,83.91,64.49,79.34,127.70,204.35,149.52,107.85,104.63,156.25,184.25,230.71,164.13,251.40,337.31,352.49,365.80,489.86,493.33,334.49,303.03,436.19,442.34,414.63,373.60,299.30,212.86,141.44,122.40,363.38,298.35,337.54,299.11,254.79,200.08,146.53,114.14,312.37,305.24,290.21,257.91,222.76,174.01,133.18,111.04,239.41,243.04,234.15,214.51,186.98,147.83,120.55,92.54,173.49,168.92,163.50,157.50,139.73,144.59,133.27,125.62,128.85,128.15,126.28,126.37,125.99,123.96,118.49,111.93,104.31,106.40,107.20,107.16,104.00,103.93,99.59,92.78,86.06,92.41,93.82,91.63,86.92,84.87,80.44
1908.00,13.67,12.37,11.53,37.65,12.82,14.19,11.88,42.96,32.88,30.54,35.20,22.37,26.31,30.22,27.06,56.02,51.84,38.37,41.96,35.08,45.47,39.25,36.74,72.88,57.28,49.02,53.37,42.87,40.05,50.00,31.51,127.21,121.68,149.43,491.04,75.28,60.41,73.25,116.43,193.42,139.10,97.65,93.56,141.65,167.49,215.44,153.33,183.88,283.97,308.93,247.89,341.95,362.18,268.79,272.80,329.07,321.74,317.72,287.79,248.94,207.37,133.33,107.37,305.96,264.43,280.52,249.94,214.57,166.58,133.27,107.09,284.89,283.85,272.49,243.67,213.92,170.14,136.43,110.73,238.55,241.71,233.02,216.22,191.05,151.03,122.33,94.21,173.55,168.54,163.11,158.30,141.44,145.55,132.89,125.16,126.58,124.98,126.76,124.93,123.98,122.30,117.62,110.45,104.31,105.22,107.20,105.77,104.00,105.02,101.03,94.60,84.80,91.68,93.50,92.26,88.25,84.87,80.44
1938.50,12.27,12.37,11.53,33.97,11.36,11.94,11.88,40.23,30.64,27.79,32.03,22.37,24.25,28.03,27.06,52.79,47.96,36.22,38.16,32.84,41.91,36.19,35.32,65.84,53.62,45.83,49.18,39.88,37.00,46.74,31.76,125.53,121.68,141.78,491.04,74.22,60.41,72.88,113.07,180.30,126.59,87.90,87.14,125.71,147.91,177.24,143.87,142.04,253.84,248.91,146.94,208.56,271.08,203.95,228.81,180.66,169.48,171.88,158.98,142.07,123.39,99.87,88.50,168.37,185.52,170.65,160.05,146.98,117.25,106.90,88.97,177.37,187.55,172.98,159.90,145.99,131.98,115.35,96.08,194.90,201.29,184.94,174.30,153.92,130.30,111.21,89.14,153.36,152.38,149.25,147.50,137.37,140.58,132.61,125.43,125.30,124.46,124.48,123.45,123.59,120.97,116.43,109.49,104.31,103.73,105.28,104.68,104.00,102.79,99.52,92.99,85.07,91.80,93.72,92.26,88.25,83.18,78.57
1966.50,10.83,10.93,10.09,30.31,11.36,11.94,11.88,38.32,30.64,27.79,32.03,20.87,24.25,28.03,25.25,52.79,47.96,34.59,38.16,31.45,39.68,36.19,33.91,64.30,51.34,43.60,49.18,37.35,35.61,44.48,31.76,119.93,112.90,137.08,488.87,70.20,56.35,70.31,108.21,169.04,118.36,82.31,83.64,118.42,130.27,146.48,139.06,132.73,240.35,217.66,122.05,167.44,198.13,168.16,198.02,161.08,153.22,148.98,140.66,123.50,108.74,95.77,85.75,145.41,170.39,152.26,143.18,136.77,116.91,103.07,86.87,143.71,152.83,137.86,130.01,121.18,110.29,99.42,83.90,142.21,145.81,133.22,129.04,117.36,107.03,96.51,79.07,119.20,117.41,119.37,117.29,120.33,119.70,116.33,112.92,112.75,112.03,113.29,112.24,114.39,113.26,110.97,107.14,102.92,102.44,105.28,102.98,103.10,103.50,97.81,92.99,85.02,92.13,93.72,92.26,88.25,83.18,80.08
1996.50,10.83,10.93,10.09,26.51,9.75,10.46,9.82,36.40,29.02,26.12,29.72,20.87,24.25,28.03,25.25,50.37,44.49,32.85,35.69,30.01,38.19,33.83,33.91,62.13,49.06,42.01,46.14,35.66,34.10,42.86,28.37,115.18,104.95,127.46,486.17,63.81,52.63,64.23,102.80,156.25,107.24,74.80,74.64,98.67,107.16,120.25,132.18,116.95,224.49,187.61,95.56,137.80,148.83,113.90,148.85,125.63,123.41,120.10,115.30,99.25,87.59,79.48,73.38,121.37,151.88,123.54,114.24,113.43,96.33,87.36,72.71,122.15,130.06,115.60,109.09,102.14,97.60,90.10,76.94,125.99,126.35,120.16,115.90,106.85,97.37,88.59,71.98,103.79,101.88,101.40,100.20,105.22,100.70,100.48,97.14,93.93,93.71,95.04,94.11,96.83,96.60,95.78,91.98,97.29,94.61,98.39,95.13,95.90,96.07,92.84,90.63,84.52,90.48,90.24,88.69,84.87,80.52,77.87
2028.50,10.83,10.93,10.09,13.09,9.75,10.46,9.82,36.40,29.02,26.12,28.28,19.25,22.58,25.67,23.26,48.46,42.26,31.38,34.09,28.62,35.93,32.33,31.53,59.51,49.06,40.42,43.11,34.24,32.68,41.44,29.10,109.74,98.04,121.37,486.17,61.62,49.75,60.18,100.94,143.31,95.10,66.51,64.69,87.03,94.26,102.04,123.79,102.84,210.33,164.11,80.29,105.17,95.88,85.99,102.55,100.56,95.78,90.00,84.14,78.31,71.15,66.65,60.86,96.00,132.72,95.30,91.89,93.70,77.08,71.88,60.86,94.32,104.03,90.90,86.46,80.48,79.67,73.81,64.16,106.95,106.77,100.23,98.39,90.05,83.76,78.01,65.29,92.39,91.16,91.97,91.31,96.64,91.97,91.89,88.36,82.93,82.74,83.30,81.81,83.77,83.47,83.50,80.43,88.01,83.03,87.34,84.00,84.04,84.28,84.30,81.93,78.38,82.59,81.94,79.95,76.98,73.44,70.73
2057.50,10.83,10.93,10.09,16.71,11.36,10.46,9.82,36.40,27.19,24.54,26.75,19.25,20.71,25.67,23.26,46.98,40.70,31.38,32.65,28.62,35.93,30.83,31.53,57.10,46.69,39.01,41.42,34.24,31.28,39.96,26.98,104.81,93.33,116.11,483.61,58.54,46.73,57.05,95.24,132.38,87.25,61.23,59.61,77.58,85.69,90.28,115.49,96.93,199.70,145.74,71.94,88.14,84.58,77.78,84.60,90.29,81.12,76.04,70.72,67.97,64.82,61.05,56.14,83.14,122.09,81.62,76.50,81.02,67.31,64.63,56.37,81.43,85.19,77.85,74.54,70.28,69.56,64.92,56.88,89.81,90.78,83.74,83.34,76.50,71.17,66.60,57.41,79.70,78.97,79.86,79.99,87.49,81.76,82.28,78.69,76.27,76.34,76.32,75.68,76.73,76.45,76.48,75.03,80.69,75.58,79.21,76.80,76.63,77.06,76.74,75.57,69.51,73.17,72.59,71.17,68.29,65.42,63.27
2087.50,10.83,10.93,10.09,16.71,11.36,10.46,9.82,34.99,25.54,24.54,26.75,19.25,20.71,25.67,23.26,45.27,39.16,29.24,31.21,26.87,33.66,29.44,31.53,53.41,44.53,37.53,39.87,31.97,29.81,38.03,28.59,101.74,87.48,110.57,483.61,55.29,44.13,53.68,92.45,122.91,80.39,56.76,53.89,67.94,73.92,81.49,108.26,90.86,189.04,128.21,62.16,73.67,63.30,65.73,72.49,82.13,72.99,64.29,61.99,59.22,56.61,54.41,49.92,75.57,114.01,71.08,66.18,72.45,57.92,57.30,50.57,69.92,75.63,67.46,64.63,62.15,61.16,58.20,51.19,73.07,74.37,68.56,69.61,67.73,64.80,62.09,57.79,68.47,68.28,68.86,68.89,78.50,71.16,72.58,68.21,68.14,67.52,67.72,67.80,68.37,67.79,67.53,67.28,73.12,69.93,72.76,70.40,71.01,70.93,70.99,70.26,65.05,68.47,68.49,67.16,64.35,61.76,60.23
2118.50,10.83,9.48,10.09,16.71,9.96,10.46,9.82,34.99,25.54,23.06,26.75,19.25,20.71,25.67,23.26,45.27,39.16,29.24,31.21,26.87,32.18,29.44,29.33,52.39,44.53,37.53,39.87,31.97,29.81,38.03,27.05,101.40,85.79,106.49,482.14,57.17,44.16,54.25,90.78,116.12,76.21,57.15,54.36,70.11,82.00,81.74,105.00,87.40,179.60,121.26,66.24,77.42,65.40,60.96,64.33,81.29,75.14,67.14,63.80,59.92,56.01,53.37,50.79,72.60,112.11,68.54,65.72,69.70,57.04,55.80,50.58,66.01,67.75,62.39,59.51,56.91,55.33,53.21,47.16,62.24,61.77,58.62,58.24,59.36,59.03,57.98,56.18,60.03,60.32,61.26,61.76,70.46,62.79,63.47,60.08,60.26,59.35,60.09,59.25,60.17,60.06,59.69,59.34,66.09,63.13,66.39,63.19,64.56,63.95,65.01,63.69,61.00,63.61,63.63,62.58,61.24,58.89,56.35
2148.50,10.83,9.48,10.09,12.35,9.96,10.46,9.82,32.81,25.54,21.51,25.26,17.61,20.71,22.81,20.81,43.86,37.59,27.09,29.77,25.37,30.61,27.92,29.33,49.03,42.06,35.17,38.08,29.46,27.64,36.30,27.34,94.61,79.56,99.39,480.60,53.51,44.16,50.44,83.54,111.15,73.93,53.37,50.45,63.21,73.29,83.13,102.74,84.39,170.50,108.14,56.13,65.27,58.08,62.38,63.56,74.96,69.64,61.75,57.98,54.73,52.36,51.37,49.43,69.66,108.01,66.39,62.86,65.56,53.90,53.66,49.09,67.77,68.66,62.75,60.03,56.51,55.45,53.21,47.89,61.40,60.15,58.56,58.11,58.63,58.21,57.41,54.00,55.68,55.38,55.98,56.02,63.76,56.54,57.24,54.66,54.39,53.46,53.81,53.19,53.96,54.02,54.44,53.45,59.92,57.51,60.23,57.73,58.34,57.82,58.26,58.03,56.08,57.47,57.32,56.73,56.07,54.31,51.76
2177.00,10.83,9.48,10.09,12.35,9.96,10.46,9.82,30.91,24.02,21.51,23.70,17.61,20.71,22.81,20.81,42.27,36.05,25.41,28.32,23.83,29.15,26.52,27.82,46.82,39.51,35.17,35.92,29.46,27.64,34.69,25.40,94.76,76.96,94.11,480.60,55.21,44.16,51.33,82.04,106.57,71.35,53.37,51.86,65.36,78.46,82.19,99.52,80.85,162.29,100.11,60.80,66.63,58.02,58.40,58.41,74.41,67.57,60.79,56.90,52.31,50.06,48.40,46.92,65.40,104.77,63.05,60.19,60.60,53.00,50.58,46.11,60.63,60.53,57.15,55.05,52.56,51.61,50.78,45.61,58.42,56.91,56.08,55.39,55.47,55.17,54.82,52.61,56.38,55.32,55.38,56.02,63.76,56.54,57.24,54.66,51.32,50.02,53.81,50.27,50.22,50.32,50.72,49.72,54.10,53.03,54.25,53.27,52.93,52.65,53.03,53.35,51.41,52.10,52.60,51.97,51.12,49.86,48.13
2207.00,10.83,9.48,8.64,12.06,9.96,10.46,8.91,27.50,22.53,21.51,23.70,17.61,18.88,21.23,22.46,40.87,36.05,25.41,28.32,23.83,29.15,26.52,27.82,45.05,38.07,32.73,35.92,27.91,25.41,32.97,25.36,87.47,73.06,88.39,478.70,50.65,39.37,46.77,79.69,100.89,68.19,48.63,46.67,58.61,73.28,77.29,96.27,76.56,152.94,94.24,55.46,61.06,55.80,55.25,56.27,71.84,62.58,57.10,55.90,52.88,49.18,48.68,46.52,65.45,101.73,61.80,57.18,57.26,48.94,49.22,45.53,63.65,61.88,59.63,56.49,52.44,49.81,47.03,43.83,58.66,56.75,54.63,55.38,55.50,55.11,53.80,51.36,52.66,51.49,52.50,52.31,59.02,52.80,52.69,50.73,49.84,50.02,49.97,48.83,50.22,50.32,50.72,48.24,50.99,50.08,50.54,50.35,50.03,49.68,50.15,50.22,47.63,48.45,49.02,48.35,47.77,46.29,45.01
2238.50,10.83,9.48,8.64,9.93,9.96,10.46,8.91,29.41,22.53,19.95,23.70,16.05,18.88,21.23,20.89,40.87,34.54,25.41,26.75,22.41,27.65,26.52,27.82,42.77,38.07,31.31,33.73,27.91,25.41,32.97,24.39,83.64,69.00,84.03,478.70,49.47,39.15,46.16,75.73,95.96,64.86,48.63,46.67,50.22,63.25,70.69,92.45,71.72,143.02,84.61,48.63,54.06,48.57,51.73,52.00,64.89,57.51,49.88,46.86,45.68,42.81,43.58,42.72,57.79,94.68,52.26,48.63,57.26,42.70,43.15,39.79,53.92,54.08,50.18,48.15,45.62,44.48,44.01,40.55,53.61,51.53,50.25,49.76,49.84,49.28,49.59,46.13,52.17,51.51,50.32,52.31,55.94,50.64,52.69,48.54,48.43,48.61,48.49,47.38,48.76,48.83,48.56,46.76,48.74,47.89,48.40,48.07,47.86,48.19,47.98,47.89,45.42,46.19,46.83,45.94,46.21,44.16,42.75
2267.00,10.83,9.48,8.64,9.93,9.96,10.46,8.91,27.76,22.53,19.95,22.12,16.05,17.12,21.23,20.89,40.87,33.10,23.81,26.75,22.41,27.65,25.10,26.18,43.29,36.48,31.31,33.73,26.46,23.99,31.17,23.58,83.26,65.07,79.29,477.06,46.29,35.91,43.57,74.46,93.64,61.95,44.45,45.74,53.37,64.69,68.49,89.32,73.37,136.83,81.93,50.02,50.45,47.21,48.77,52.04,68.07,59.60,54.60,51.97,45.67,44.16,41.83,41.24,61.99,96.36,58.62,54.16,53.60,47.50,45.35,42.15,57.36,56.72,53.25,51.06,48.03,46.00,44.78,41.38,48.35,51.53,46.19,49.76,49.84,46.86,49.59,44.16,46.70,46.33,46.67,47.31,52.67,47.47,47.93,46.35,47.02,47.10,47.08,45.77,47.25,47.42,47.00,46.76,46.53,47.89,48.40,48.07,47.86,46.73,47.98,45.68,43.99,44.78,45.42,44.53,44.75,42.65,41.27
2297.00,10.83,9.48,8.64,9.93,9.96,10.46,10.35,25.97,22.53,19.95,22.12,16.05,17.12,19.75,19.42,39.37,33.10,23.81,25.36,20.93,26.10,23.70,26.18,40.29,35.07,29.86,32.12,26.46,23.99,29.69,23.58,73.29,61.49,74.33,477.06,41.46,32.78,40.30,70.98,89.73,58.52,41.42,39.37,42.65,47.09,59.67,85.55,68.19,127.79,73.30,39.37,40.40,38.43,46.92,48.69,61.88,47.51,42.33,39.78,36.53,36.56,38.80,38.59,55.99,88.58,48.71,42.88,46.13,39.03,39.40,37.43,52.69,52.80,48.51,44.96,43.45,40.13,39.12,35.63,48.93,46.65,46.90,46.33,46.81,46.99,46.09,43.62,47.09,44.95,46.44,46.53,52.67,45.15,44.83,44.09,44.42,44.68,44.14,43.49,44.19,44.35,44.07,43.41,44.35,44.89,45.41,45.19,44.88,45.20,45.11,44.27,43.99,44.78,44.01,43.05,43.30,42.65,41.27
2328.50,9.20,9.48,8.64,9.05,9.96,10.46,8.80,28.08,22.53,19.95,22.12,16.05,17.12,19.75,19.42,37.92,31.66,23.81,25.36,20.93,26.10,23.70,26.18,39.69,35.07,29.86,32.12,24.91,23.99,29.69,22.73,77.43,65.36,77.71,478.53,43.93,36.03,42.80,68.98,87.65,58.21,44.73,43.33,47.69,54.58,63.05,83.26,69.30,122.02,72.67,49.06,49.64,46.36,46.77,44.83,60.56,55.07,47.97,44.46,41.95,38.84,37.32,36.44,55.32,88.04,50.91,45.14,45.08,39.58,38.60,36.81,49.61,47.87,44.37,41.19,37.59,40.13,39.12,35.63,43.27,41.81,39.96,40.34,39.87,39.98,40.49,38.84,42.89,41.91,42.18,42.73,47.92,42.65,43.17,41.62,44.42,44.68,43.99,43.49,44.16,44.35,43.99,43.41,42.23,42.43,43.25,43.02,42.43,43.04,42.90,42.86,41.57,42.63,41.88,40.67,41.06,40.48,39.05
2358.50,9.20,9.48,8.64,9.05,9.96,9.00,8.80,27.96,22.53,19.95,22.12,16.05,17.12,19.75,19.42,37.92,31.66,23.81,25.36,20.93,26.10,23.70,26.18,41.85,35.07,29.86,32.12,26.36,23.99,29.69,24.20,86.15,71.08,84.51,480.64,51.92,41.74,47.97,73.75,93.78,67.65,52.64,56.17,80.90,111.51,86.41,89.20,93.05,126.86,86.56,75.91,78.81,67.72,55.65,51.69,82.76,80.62,71.78,67.95,61.80,53.53,47.98,45.22,75.36,99.39,69.85,64.26,57.98,52.07,47.63,44.92,66.09,62.45,60.01,54.92,50.63,45.49,41.20,37.29,44.41,43.69,43.50,43.01,43.55,42.89,43.35,41.49,38.35,37.49,38.13,38.86,44.80,39.56,40.23,38.66,40.32,40.27,40.33,39.77,41.18,40.47,40.89,39.81,40.68,40.80,41.74,41.62,40.97,40.85,41.49,41.46,39.20,40.39,39.74,40.67,41.06,40.48,39.05
2388.50,9.20,9.48,8.64,9.05,9.96,9.00,8.80,27.96,22.53,19.95,22.12,14.58,17.12,19.75,19.42,38.65,30.26,23.81,25.36,20.93,24.71,23.70,24.64,39.19,35.07,28.41,30.57,24.88,22.41,28.14,22.43,75.83,64.92,76.37,477.47,44.04,37.49,44.65,67.88,92.58,67.01,50.12,52.28,72.41,94.18,82.25,87.87,80.11,116.12,76.75,59.37,59.97,53.96,51.75,50.16,72.61,65.85,63.93,59.96,56.17,52.34,47.72,45.63,67.85,95.11,66.32,61.15,57.49,50.83,50.14,46.06,72.20,71.23,70.24,63.77,61.06,55.11,51.06,46.91,56.19,53.68,54.50,54.33,55.22,55.22,53.19,50.68,47.19,45.27,44.99,44.26,47.32,43.26,41.99,40.14,40.32,40.27,40.33,39.77,38.21,38.31,37.84,37.64,38.45,38.65,39.42,39.37,38.79,38.70,39.33,39.22,37.66,38.75,38.21,37.57,38.14,37.62,36.12
2418.50,9.20,9.48,8.64,9.05,9.96,9.00,10.20,27.30,20.72,18.50,20.56,14.58,17.12,19.75,19.42,38.65,30.26,22.28,23.95,19.51,24.71,22.24,24.64,37.59,33.40,28.41,30.57,23.48,22.41,28.14,22.43,70.13,58.25,69.43,475.06,42.06,32.35,39.41,65.88,87.25,60.54,43.90,41.54,49.58,64.88,67.59,82.41,66.21,108.07,66.08,40.38,42.38,40.09,43.11,42.68,57.03,48.33,43.65,40.77,39.06,38.65,38.43,38.03,52.08,81.96,48.54,44.09,44.36,39.91,40.51,37.97,53.93,53.63,51.45,48.66,45.57,43.85,42.91,39.65,54.24,53.04,52.67,51.84,52.67,52.97,51.09,48.67,54.64,53.97,53.45,52.62,51.96,49.92,48.05,45.99,44.42,44.43,43.77,43.93,43.74,43.09,42.06,41.78,38.45,39.54,39.42,37.94,38.79,38.70,39.33,39.22,36.22,36.53,36.10,35.27,35.92,35.29,33.98
2448.50,9.20,9.48,8.64,7.51,9.96,9.00,8.80,27.30,20.72,18.50,20.56,14.58,17.12,19.75,19.42,38.65,30.26,22.28,23.95,19.51,24.71,22.24,24.64,37.59,33.40,28.41,30.57,23.48,22.41,28.14,22.43,74.18,59.49,71.22,476.76,40.63,34.61,41.44,66.84,87.25,60.54,43.90,44.18,53.16,74.85,67.26,82.41,65.78,106.41,67.76,50.19,53.29,48.97,45.32,43.31,61.19,58.91,52.89,49.20,44.74,42.11,41.02,40.06,54.84,82.90,51.98,49.06,45.50,41.19,39.04,38.69,50.08,50.69,47.75,45.69,42.12,40.67,38.98,36.78,44.38,43.44,42.18,41.60,42.05,42.79,41.83,39.73,45.75,45.56,46.71,46.69,49.33,47.06,47.55,45.95,48.72,48.92,48.61,48.60,48.36,48.21,46.89,46.60,40.49,42.52,41.73,41.83,41.77,40.99,40.91,40.60,37.69,38.73,38.85,38.28,38.12,37.69,36.35
2477.00,9.20,9.48,8.64,7.51,9.96,9.00,8.80,27.30,20.72,18.50,20.56,14.58,17.12,18.28,19.42,36.14,30.26,22.28,23.95,19.51,23.29,22.24,23.16,35.95,33.40,27.00,29.00,23.48,20.92,26.66,22.43,68.87,57.10,66.99,475.16,37.77,31.54,38.51,61.44,83.57,56.57,40.76,40.08,47.47,63.16,65.31,78.61,63.49,101.21,63.26,44.84,48.13,45.65,47.08,45.85,57.67,52.01,48.39,46.52,42.89,41.57,40.79,39.14,53.89,80.43,51.78,49.30,47.26,43.76,42.15,38.68,54.83,53.55,52.11,48.93,46.02,43.20,41.43,38.41,45.87,44.36,44.40,43.82,43.98,44.47,43.40,41.51,40.60,41.39,40.32,40.26,44.68,40.54,42.25,41.26,43.40,43.28,43.14,43.30,43.27,43.44,43.60,42.07,40.49,42.52,41.73,44.07,41.77,44.04,43.27,42.75,39.91,42.04,42.48,41.54,40.90,40.01,38.54
2507.00,9.20,9.48,8.64,7.51,8.50,9.00,8.80,25.85,20.72,18.50,20.56,14.58,17.12,18.28,18.55,36.14,28.79,22.28,23.95,19.51,23.29,22.24,23.16,34.09,32.01,27.00,29.00,21.99,20.92,26.66,20.70,59.13,52.87,61.31,475.16,34.80,28.67,34.63,59.47,79.53,52.29,37.77,35.59,39.03,45.67,54.95,75.54,60.21,95.71,57.23,35.29,35.34,33.96,40.93,42.79,55.09,41.95,38.09,35.81,32.76,33.81,35.18,34.36,48.06,73.44,41.53,39.00,39.37,35.02,35.51,32.91,46.47,46.42,43.04,41.05,38.41,36.97,36.24,33.12,45.66,42.51,42.81,42.15,42.37,42.34,40.85,39.96,44.01,43.58,43.37,43.38,45.65,42.18,42.16,41.12,43.40,43.28,39.45,39.53,39.32,39.61,39.79,38.35,39.79,40.87,40.32,40.25,40.98,41.04,40.18,40.42,39.15,39.60,39.95,39.19,38.66,37.88,36.70
