Time,TIWC202G,TIWC202F,TIWC202E,TIWC202D,TIWC202C,TIWC202B,TIWC202A,TINC301H,TINC301G,TINC301F,TINC301E,TINC301D,TINC301C,TINC301B,TINC301A,TINC302H,TINC302G,TINC302F,TINC302E,TINC302D,TINC302C,TINC302B,TINC302A,TINC304H,TINC304G,TINC304F,TINC304E,TINC304D,TINC304C,TINC304B,TINC304A,TINC305H,TINC305G,TINC305F,TINC305E,TINC305D,TINC305C,TINC305B,TINC305A,TINC307H,TINC307G,TINC307F,TINC307E,TINC307D,TINC307C,TINC307B,TINC307A,TINC207H,TINC207G,TINC207F,TINC207E,TINC207D,TINC207C,TINC207B,TINC207A,TINC208H,TINC208G,TINC208F,TINC208E,TINC208D,TINC208C,TINC208B,TINC208A,TINC209H,TINC209G,TINC209F,TINC209E,TINC209D,TINC209C,TINC209B,TINC209A,TINC214G,TINC214F,TINC214E,TINC214D,TINC214C,TINC214B,TINC214A
s,m/s,m/s,m/s,m/s,m/s,m/s,m/s,m/s,m/s,m/s,m/s,m/s,m/s,m/s,m/s,m/s,m/s,m/s,m/s,m/s,m/s,m/s,m/s,m/s,m/s,m/s,m/s,m/s,m/s,m/s,m/s,m/s,m/s,m/s,m/s,m/s,m/s,m/s,m/s,m/s,m/s,m/s,m/s,m/s,m/s,m/s,m/s,m/s,m/s,m/s,m/s,m/s,m/s,m/s,m/s,m/s,m/s,m/s,m/s,m/s,m/s,m/s,m/s,m/s,m/s,m/s,m/s,m/s,m/s,m/s,m/s,m/s,m/s,m/s,m/s,m/s,m/s,m/s
0.00,1.19,-7.76,-7.73,-7.18,-7.20,-6.70,-6.05,-3.25,-3.54,-3.53,-3.49,-3.70,-3.99,-3.42,-2.97,-3.23,-3.40,-3.54,-3.41,-3.40,-3.82,-3.51,-3.22,-3.21,-3.42,-3.58,-3.80,-3.74,-4.28,-3.65,-3.67,-3.28,-3.48,-3.52,-3.56,-3.69,-4.24,-4.01,-3.43,-3.85,-4.17,-4.11,-4.31,-3.79,-4.05,-3.26,-3.43,-9.23,-10.62,-10.21,-7.79,-4.97,-1.60,1.05,1.21,-6.72,-8.89,-8.84,-7.79,-4.06,-2.82,-0.85,-0.04,-10.32,-11.27,-12.07,-10.00,-5.56,-2.11,0.12,0.98,-5.34,-5.88,-5.58,-5.41,-5.35,-4.94,-4.13
13.50,0.29,-8.23,-8.27,-7.70,-7.59,-6.79,-6.45,-3.36,-3.44,-3.70,-3.94,-3.91,-4.15,-3.66,-3.17,-3.02,-3.20,-3.34,-3.80,-3.93,-4.48,-4.03,-3.59,-3.36,-3.58,-3.88,-4.21,-4.14,-4.49,-4.00,-3.87,-3.25,-3.47,-3.47,-3.48,-3.61,-4.12,-3.87,-3.25,-3.77,-3.98,-4.16,-4.12,-3.92,-4.32,-3.35,-3.25,-9.42,-9.97,-9.53,-7.94,-4.86,-2.38,-0.22,0.98,-6.19,-8.39,-8.17,-6.14,-4.16,-3.51,-1.58,-0.63,-10.59,-12.40,-11.83,-9.70,-5.15,-1.23,0.57,1.44,-5.59,-5.99,-5.86,-5.61,-5.31,-4.80,-4.08
40.50,1.87,-8.92,-9.09,-8.60,-8.22,-7.19,-6.72,-4.05,-3.97,-4.17,-3.93,-4.11,-4.66,-3.88,-3.40,-4.34,-4.03,-4.41,-4.42,-4.38,-4.72,-3.93,-3.47,-4.08,-3.79,-3.86,-4.44,-4.63,-5.48,-4.24,-4.61,-2.86,-3.01,-3.16,-3.01,-3.19,-3.61,-3.57,-3.01,-3.46,-3.75,-3.95,-3.81,-3.21,-3.47,-2.86,-3.01,-9.16,-9.50,-10.09,-7.06,-4.58,-2.08,0.58,1.88,-6.20,-7.77,-7.54,-6.40,-3.72,-2.72,-1.41,-0.06,-10.04,-11.02,-11.36,-9.57,-4.91,-1.77,0.85,1.30,-4.57,-5.25,-5.57,-5.02,-5.24,-4.80,-3.46
70.50,1.82,-8.78,-9.15,-8.67,-8.41,-7.14,-6.39,-4.20,-4.30,-4.25,-4.16,-4.43,-4.61,-3.24,-2.50,-4.48,-4.55,-4.62,-4.42,-4.53,-5.08,-3.90,-3.33,-4.10,-3.90,-3.74,-4.40,-4.87,-5.98,-4.58,-5.62,-2.42,-2.73,-2.68,-2.72,-2.82,-3.26,-3.19,-2.69,-2.59,-2.82,-2.93,-3.26,-3.18,-3.47,-2.90,-2.69,-8.61,-9.58,-9.22,-6.48,-3.79,-0.73,1.79,2.32,-5.91,-7.53,-7.43,-5.64,-3.48,-1.81,-0.34,0.28,-9.45,-10.77,-11.16,-9.23,-5.21,-2.41,0.45,1.14,-3.96,-4.40,-4.51,-4.50,-4.34,-3.78,-3.03
100.00,0.84,-7.96,-8.85,-8.51,-8.42,-7.00,-6.04,-4.26,-4.30,-4.03,-4.19,-4.56,-4.81,-3.48,-2.59,-4.11,-3.85,-4.08,-4.05,-4.35,-5.78,-4.63,-4.08,-5.03,-3.18,-2.02,-4.96,-4.43,-5.45,-4.59,-4.83,-2.38,-2.52,-2.59,-2.71,-2.79,-3.27,-3.17,-2.73,-2.60,-2.58,-2.76,-3.00,-2.92,-3.40,-3.11,-2.73,-8.96,-9.91,-9.59,-6.62,-4.50,-0.95,0.93,2.00,-6.10,-7.21,-7.66,-6.43,-4.31,-3.22,-1.48,-0.67,-9.61,-11.12,-11.63,-8.83,-5.04,-2.81,0.43,1.48,-4.39,-4.81,-4.66,-4.53,-4.30,-3.85,-3.15
130.00,0.63,-8.79,-9.00,-8.62,-8.41,-7.00,-5.89,-3.87,-3.91,-3.94,-4.10,-4.66,-5.34,-4.35,-3.65,-4.39,-4.47,-4.35,-4.54,-4.60,-5.42,-4.58,-3.84,-4.25,-4.31,-3.98,-5.07,-5.38,-6.05,-4.70,-5.08,-2.20,-2.54,-2.69,-2.67,-2.79,-3.24,-3.10,-2.78,-2.30,-2.55,-2.71,-3.08,-2.86,-3.51,-2.84,-2.78,-8.14,-8.75,-9.41,-6.78,-3.70,-0.80,1.48,2.53,-5.59,-6.87,-7.08,-5.90,-4.49,-3.33,-1.96,-0.77,-9.85,-10.36,-10.25,-8.41,-4.07,-1.92,0.38,1.46,-4.00,-4.41,-4.50,-4.50,-4.33,-3.81,-3.07
161.50,-0.18,-8.71,-8.86,-8.55,-8.37,-7.04,-6.07,-3.93,-3.98,-3.94,-4.03,-4.52,-5.39,-4.28,-3.47,-4.43,-4.52,-4.40,-4.58,-4.70,-5.48,-4.50,-3.97,-3.97,-4.09,-4.74,-5.29,-5.51,-6.02,-4.27,-4.80,-2.11,-2.54,-2.69,-2.57,-2.79,-3.24,-3.44,-2.76,-1.69,-2.49,-3.18,-3.08,-2.97,-3.09,-2.84,-2.76,-8.17,-9.60,-9.23,-6.27,-4.88,-2.39,0.19,1.68,-6.04,-7.53,-7.39,-5.90,-4.01,-3.13,-1.13,0.14,-9.66,-10.76,-10.62,-8.01,-4.27,-1.13,0.69,1.67,-4.45,-4.49,-4.57,-4.22,-4.20,-3.89,-3.04
191.50,-0.35,-8.64,-8.74,-8.54,-8.38,-7.20,-6.34,-3.98,-4.05,-3.94,-4.19,-4.46,-5.54,-4.36,-3.61,-4.57,-4.51,-4.48,-4.63,-4.69,-5.47,-4.51,-3.88,-4.46,-4.42,-4.13,-5.32,-5.23,-6.13,-4.93,-5.84,-2.10,-2.39,-2.64,-2.73,-2.91,-3.28,-3.14,-2.72,-2.71,-2.83,-2.80,-3.12,-2.78,-3.23,-2.65,-2.72,-8.82,-10.02,-9.53,-6.70,-3.69,-0.65,1.57,2.48,-5.68,-6.92,-7.13,-6.46,-4.71,-3.23,-0.93,0.17,-9.96,-11.00,-11.13,-9.20,-4.70,-2.14,0.04,1.45,-4.23,-4.60,-4.51,-4.37,-4.21,-3.84,-3.06
221.50,2.01,-8.02,-8.31,-8.72,-8.60,-7.14,-6.56,-4.07,-4.19,-4.05,-4.19,-4.68,-5.46,-4.55,-3.58,-4.53,-4.72,-4.68,-4.73,-4.82,-5.48,-4.62,-3.80,-4.09,-4.13,-4.27,-5.26,-5.32,-6.42,-4.64,-5.53,-2.15,-2.43,-2.62,-2.64,-2.74,-3.27,-3.15,-2.82,-2.45,-2.59,-2.63,-2.81,-3.01,-3.24,-2.78,-2.82,-8.37,-8.93,-9.23,-6.60,-3.89,-1.76,1.18,1.73,-5.73,-7.09,-7.38,-6.83,-4.06,-2.95,-0.92,-0.50,-9.75,-10.77,-10.71,-8.28,-4.91,-1.91,-0.15,1.19,-4.56,-4.70,-4.58,-4.41,-4.12,-3.76,-3.19
251.50,-0.11,-8.25,-8.55,-8.55,-8.33,-7.10,-6.24,-3.90,-3.96,-3.87,-4.13,-4.52,-5.52,-4.49,-3.64,-4.58,-4.53,-4.59,-4.68,-4.55,-5.48,-4.59,-4.01,-4.61,-4.37,-4.21,-4.67,-5.24,-6.03,-4.93,-5.40,-2.06,-2.36,-2.60,-2.68,-2.79,-3.24,-3.14,-2.59,-2.17,-2.56,-2.56,-2.72,-2.66,-3.39,-2.90,-2.59,-8.84,-9.39,-9.25,-6.77,-4.25,-0.47,1.06,2.07,-5.56,-6.59,-7.51,-6.06,-4.24,-3.06,-1.15,0.17,-9.69,-10.11,-9.57,-8.33,-4.90,-2.19,0.41,0.97,-4.06,-4.60,-4.49,-4.41,-4.19,-3.71,-2.88
281.00,0.90,-8.61,-8.87,-8.54,-8.40,-7.23,-6.30,-3.95,-4.07,-3.99,-4.18,-4.68,-5.48,-4.45,-3.61,-4.45,-4.58,-4.60,-4.79,-4.66,-5.47,-4.51,-3.86,-4.07,-3.97,-4.34,-4.96,-4.99,-5.98,-5.05,-5.47,-2.13,-2.48,-2.55,-2.59,-2.72,-3.20,-3.13,-2.67,-2.54,-2.62,-2.77,-2.82,-2.76,-3.38,-3.00,-2.67,-9.10,-9.90,-9.47,-6.80,-3.46,0.17,1.96,2.78,-6.20,-7.30,-7.42,-5.83,-3.27,-2.43,-1.45,-0.21,-9.33,-10.14,-10.23,-8.01,-4.32,-1.97,0.18,1.01,-4.67,-4.60,-4.47,-4.07,-3.56,-3.81,-2.88
311.00,0.87,-8.61,-8.96,-8.88,-8.51,-7.33,-6.49,-4.26,-4.23,-4.08,-4.18,-4.73,-5.68,-4.59,-3.68,-4.75,-4.75,-4.79,-4.99,-4.83,-5.73,-4.78,-3.94,-3.74,-4.06,-3.99,-5.23,-5.40,-6.30,-5.15,-5.92,-2.21,-2.51,-2.60,-2.64,-2.81,-3.35,-3.29,-2.76,-2.64,-3.09,-3.00,-3.08,-3.05,-3.35,-2.61,-2.76,-8.53,-9.28,-8.88,-5.97,-3.57,-0.66,2.14,2.69,-5.68,-7.48,-7.03,-5.53,-3.94,-3.44,-1.16,-0.09,-9.30,-10.92,-10.61,-8.61,-5.19,-2.37,0.68,1.48,-4.30,-4.49,-4.31,-4.11,-4.09,-3.67,-3.15
341.50,0.63,-8.52,-8.78,-8.57,-8.25,-7.00,-6.27,-4.06,-4.26,-4.18,-4.76,-5.24,-6.00,-4.89,-3.99,-4.83,-4.65,-4.75,-5.17,-5.39,-5.54,-4.71,-4.07,-3.92,-4.89,-4.60,-4.74,-5.97,-6.40,-4.86,-4.90,-1.97,-2.32,-2.52,-2.52,-2.62,-3.21,-3.15,-2.62,-2.57,-2.80,-2.92,-3.07,-2.76,-3.10,-2.82,-2.62,-6.60,-7.14,-6.44,-4.38,-2.80,-0.96,0.12,0.54,-5.35,-6.40,-7.42,-6.27,-4.28,-2.08,-0.09,0.85,-9.94,-11.02,-11.15,-8.72,-4.76,-1.76,0.35,1.61,-4.01,-4.27,-4.34,-4.17,-4.08,-3.62,-2.97
371.50,-0.12,-7.95,-8.06,-8.02,-7.58,-6.57,-5.75,-3.66,-3.63,-3.48,-3.79,-4.19,-5.12,-3.97,-3.11,-4.15,-4.20,-4.10,-4.19,-4.44,-5.10,-4.49,-3.96,-3.64,-3.81,-4.25,-3.99,-4.65,-5.40,-4.50,-4.72,-0.57,-1.68,-2.33,-2.42,-2.63,-3.10,-3.09,-2.58,-2.77,-2.69,-2.71,-2.65,-2.46,-2.48,-1.82,-2.58,-3.45,-3.72,-3.81,-3.36,-2.52,-2.21,-1.91,-1.77,-4.64,-5.91,-6.60,-5.25,-3.29,-1.32,0.11,0.71,-9.35,-9.84,-10.04,-8.15,-4.78,-2.89,-0.45,0.34,-3.87,-3.99,-3.84,-3.51,-3.35,-3.20,-2.79
401.50,0.71,-7.25,-7.59,-7.63,-7.13,-6.21,-5.53,-3.52,-3.46,-3.30,-3.70,-4.14,-4.93,-3.97,-3.17,-4.04,-4.02,-3.99,-4.17,-4.28,-5.07,-4.41,-4.01,-3.77,-3.97,-4.36,-5.13,-5.34,-5.45,-4.30,-4.96,0.12,-1.11,-2.17,-2.26,-2.70,-3.11,-3.03,-2.62,-2.36,-2.39,-2.32,-2.32,-1.94,-2.05,-2.00,-2.62,-2.47,-2.84,-2.94,-2.60,-2.19,-2.26,-2.04,-1.90,-4.57,-5.65,-6.61,-5.94,-3.53,-2.66,-0.63,0.21,-8.35,-9.58,-9.48,-7.66,-5.07,-3.17,0.73,1.76,-3.33,-3.87,-3.82,-3.70,-3.49,-3.25,-2.57
431.50,0.77,-7.25,-7.63,-7.39,-7.07,-6.19,-5.48,-3.40,-3.48,-3.31,-3.64,-4.10,-4.85,-4.11,-3.37,-4.10,-4.01,-3.81,-3.99,-4.22,-5.09,-4.46,-4.09,-3.98,-3.51,-3.83,-4.32,-4.58,-5.53,-4.45,-4.67,0.41,-1.08,-2.03,-2.59,-2.87,-3.20,-3.16,-2.74,-2.09,-2.05,-2.21,-2.21,-2.21,-2.39,-2.10,-2.74,-2.20,-2.46,-2.56,-2.32,-2.00,-2.32,-2.25,-2.13,-5.03,-6.05,-6.37,-5.67,-3.31,-2.73,-0.30,0.10,-9.44,-10.00,-9.37,-6.82,-3.91,-1.34,1.28,1.88,-3.84,-3.82,-3.79,-3.69,-3.49,-3.09,-2.37
461.50,-2.07,-7.36,-7.54,-7.39,-6.93,-6.04,-5.35,-3.39,-3.31,-3.17,-3.55,-4.29,-4.64,-4.14,-3.51,-4.02,-3.88,-3.92,-4.01,-4.18,-4.97,-4.40,-3.86,-3.51,-3.70,-3.90,-4.65,-4.90,-5.39,-4.96,-5.27,0.55,-0.91,-1.94,-2.46,-2.79,-3.21,-3.17,-2.74,-2.02,-2.08,-2.10,-2.13,-2.12,-2.38,-2.30,-2.74,-2.04,-2.29,-2.42,-2.19,-1.95,-2.32,-2.14,-2.03,-4.24,-5.12,-5.44,-4.96,-3.42,-2.74,-0.92,-0.67,-7.55,-8.10,-8.38,-6.86,-4.75,-2.56,-0.42,1.17,-3.53,-3.64,-3.74,-3.66,-3.49,-3.13,-2.45
491.50,0.32,-6.81,-7.39,-7.19,-7.16,-6.43,-5.64,-3.43,-3.41,-3.16,-3.69,-4.14,-4.60,-4.11,-3.56,-4.14,-3.94,-3.80,-4.05,-4.10,-4.97,-4.43,-4.03,-3.32,-3.55,-4.09,-4.76,-4.75,-5.22,-4.86,-5.25,0.76,-0.85,-1.81,-2.45,-2.82,-3.23,-3.24,-2.92,-1.96,-2.10,-2.10,-2.14,-2.16,-2.38,-2.20,-2.92,-2.04,-2.21,-2.26,-2.16,-1.92,-2.37,-2.22,-2.07,-4.06,-5.15,-6.09,-5.56,-3.68,-3.11,-1.16,-0.37,-7.52,-8.13,-8.27,-8.22,-5.09,-3.01,-0.58,1.27,-3.67,-3.74,-3.76,-3.62,-3.40,-3.14,-2.48
521.50,0.59,-6.99,-7.41,-7.32,-6.97,-6.29,-5.51,-3.42,-3.50,-3.24,-3.66,-4.05,-4.40,-4.11,-3.46,-4.16,-3.98,-3.84,-4.20,-4.08,-5.06,-4.60,-4.08,-3.82,-3.86,-3.84,-4.66,-4.10,-5.00,-4.32,-5.03,0.82,-0.74,-1.80,-2.39,-2.71,-3.23,-3.18,-2.78,-1.90,-1.99,-2.05,-2.07,-2.04,-2.40,-2.31,-2.78,-2.00,-2.13,-2.27,-2.13,-1.96,-2.35,-2.21,-2.05,-4.58,-5.73,-6.30,-5.17,-3.38,-2.78,-1.40,-0.57,-9.22,-10.20,-9.77,-7.83,-3.72,-1.42,0.71,1.75,-3.51,-4.06,-3.84,-3.42,-3.20,-2.95,-2.21
551.50,1.29,-6.46,-7.44,-7.25,-7.08,-6.27,-5.52,-3.32,-3.30,-3.25,-3.66,-4.22,-4.68,-4.32,-3.58,-4.03,-3.89,-3.76,-4.17,-4.19,-5.08,-4.69,-4.11,-3.51,-3.62,-3.85,-4.34,-4.83,-5.38,-4.71,-4.96,0.73,-0.85,-1.79,-2.44,-2.75,-3.18,-3.16,-2.83,-1.44,-1.78,-1.86,-2.00,-2.08,-2.49,-2.32,-2.83,-2.03,-2.15,-2.24,-2.10,-2.00,-2.41,-2.29,-2.11,-3.89,-4.89,-5.74,-5.26,-3.76,-2.75,-1.39,-0.65,-8.31,-9.26,-8.40,-6.90,-3.99,-1.15,-0.13,1.14,-3.57,-3.63,-3.62,-3.42,-3.37,-3.22,-2.51
581.50,0.70,-7.34,-7.35,-7.23,-7.02,-6.31,-5.51,-3.40,-3.30,-3.08,-3.73,-3.83,-5.08,-3.82,-3.34,-4.20,-3.96,-3.61,-4.25,-4.02,-5.14,-4.37,-3.93,-2.52,-2.65,-3.27,-5.51,-5.50,-5.23,-3.51,-4.57,0.95,-0.74,-1.87,-2.41,-2.76,-3.16,-3.22,-2.69,-1.50,-1.78,-1.94,-1.98,-2.13,-2.50,-2.33,-2.69,-1.91,-1.95,-2.12,-2.00,-1.97,-2.38,-2.30,-2.14,-3.57,-4.15,-4.70,-5.05,-4.20,-3.29,-1.47,-0.90,-8.74,-9.46,-9.60,-7.46,-4.33,-2.35,0.48,1.46,-3.29,-3.55,-3.54,-3.37,-3.31,-2.94,-2.30
611.50,0.92,-7.29,-7.95,-7.78,-7.56,-6.70,-5.90,-3.68,-3.64,-3.56,-4.04,-4.40,-5.32,-4.29,-3.65,-4.28,-4.19,-4.13,-4.38,-4.46,-5.54,-4.83,-4.21,-4.05,-4.13,-4.60,-5.51,-5.27,-5.73,-4.63,-5.12,0.17,-1.13,-2.06,-2.60,-2.91,-3.38,-3.27,-2.85,-1.75,-2.11,-2.22,-2.38,-2.31,-2.75,-2.51,-2.85,-7.48,-8.53,-7.85,-5.61,-3.84,-0.89,0.46,1.38,-4.55,-5.49,-6.14,-5.26,-3.54,-2.77,-1.15,0.20,-8.01,-8.69,-9.44,-7.01,-3.89,-1.74,-0.30,1.43,-3.74,-4.04,-3.95,-3.93,-3.72,-3.38,-2.76
641.50,0.57,-8.24,-8.59,-8.40,-8.29,-7.36,-6.38,-3.94,-3.91,-3.79,-4.21,-4.74,-5.70,-4.86,-4.00,-4.50,-4.43,-4.45,-4.58,-4.64,-5.64,-4.99,-4.19,-3.61,-3.39,-3.79,-4.69,-5.30,-6.14,-5.27,-5.60,-0.66,-1.13,-2.06,-2.49,-2.93,-3.48,-3.46,-2.86,-2.80,-2.11,-2.84,-2.16,-2.48,-2.71,-3.27,-2.86,-8.75,-8.95,-8.24,-5.61,-2.87,-0.27,1.14,2.28,-5.69,-7.36,-7.45,-5.80,-3.50,-2.62,-0.57,-0.24,-10.01,-11.18,-10.79,-8.61,-3.80,-0.75,1.01,1.88,-4.00,-4.39,-4.56,-4.38,-4.08,-3.76,-2.92
670.50,0.19,-8.85,-8.87,-8.74,-8.34,-7.39,-6.46,-4.09,-4.14,-3.98,-4.31,-4.94,-5.72,-4.68,-3.99,-4.57,-4.74,-4.56,-4.77,-4.82,-5.75,-5.08,-4.27,-4.01,-3.82,-4.28,-5.15,-5.34,-6.00,-4.82,-5.38,-1.21,-2.02,-2.60,-2.64,-2.88,-3.37,-3.36,-2.85,-2.34,-2.67,-2.77,-2.72,-2.55,-3.35,-2.84,-2.85,-8.97,-9.64,-8.96,-6.84,-3.18,-1.05,1.77,2.39,-5.97,-7.06,-7.32,-5.89,-3.81,-3.18,-0.67,0.10,-8.86,-9.59,-10.15,-8.77,-4.76,-1.06,1.10,1.94,-4.05,-4.51,-4.76,-4.45,-4.22,-3.78,-2.97
700.50,1.03,-9.00,-9.21,-9.05,-8.42,-7.43,-6.56,-4.09,-4.17,-4.05,-4.35,-4.88,-5.67,-4.65,-3.85,-4.71,-4.62,-4.67,-4.84,-4.88,-5.70,-4.81,-4.26,-3.98,-3.99,-4.87,-5.40,-5.37,-6.14,-5.10,-5.57,-1.24,-2.24,-2.61,-2.65,-2.85,-3.37,-3.28,-2.75,-2.31,-2.55,-2.64,-2.90,-2.82,-3.29,-2.81,-2.75,-8.22,-9.26,-8.83,-6.26,-3.84,-1.27,1.23,2.28,-5.63,-7.18,-7.39,-6.53,-3.71,-2.70,-1.18,-0.55,-9.86,-11.09,-10.41,-7.98,-4.97,-3.00,-0.11,1.41,-4.36,-4.57,-4.66,-4.56,-4.32,-3.72,-2.99
731.50,1.30,-9.12,-9.15,-9.03,-8.47,-7.44,-6.62,-4.15,-4.14,-4.08,-4.32,-4.86,-5.62,-4.74,-3.81,-4.66,-4.71,-4.57,-4.84,-4.89,-5.75,-4.74,-4.23,-3.71,-4.02,-4.29,-4.86,-5.60,-6.22,-4.92,-5.24,-1.75,-2.33,-2.62,-2.66,-2.86,-3.33,-3.33,-2.71,-2.35,-2.71,-2.69,-2.83,-2.86,-3.13,-2.48,-2.71,-8.67,-9.42,-8.81,-6.89,-4.08,-2.11,0.21,2.04,-6.47,-7.57,-7.75,-5.83,-2.72,-1.21,-0.16,0.39,-9.03,-10.19,-10.10,-8.48,-4.36,-1.37,1.47,1.85,-4.20,-4.77,-4.88,-4.63,-4.27,-3.72,-2.90
761.50,1.15,-8.86,-9.12,-9.06,-8.45,-7.35,-6.54,-4.10,-4.11,-3.97,-4.38,-4.95,-5.73,-4.74,-3.88,-4.57,-4.55,-4.60,-4.90,-4.72,-5.62,-4.75,-4.19,-3.55,-3.96,-4.45,-4.96,-5.57,-6.34,-5.23,-5.34,-1.38,-2.36,-2.68,-2.71,-2.81,-3.25,-3.20,-2.76,-2.48,-2.52,-2.76,-2.83,-2.74,-3.31,-2.94,-2.76,-8.71,-9.55,-9.27,-6.77,-4.80,-1.28,0.98,1.82,-5.37,-6.73,-7.19,-5.85,-4.06,-3.46,-0.84,0.05,-9.01,-10.16,-10.15,-8.28,-4.79,-2.90,0.59,1.20,-4.26,-4.23,-4.44,-3.86,-4.20,-3.59,-3.42
790.00,0.26,-8.76,-8.90,-9.00,-8.45,-7.48,-6.63,-4.13,-4.26,-4.11,-4.21,-4.60,-5.55,-4.73,-3.94,-4.58,-4.58,-4.57,-4.72,-4.90,-5.83,-4.85,-4.25,-4.04,-4.20,-4.11,-5.03,-5.04,-6.03,-4.70,-5.52,-1.64,-2.36,-2.70,-2.67,-2.87,-3.29,-3.18,-2.61,-2.66,-2.75,-2.96,-2.71,-2.67,-2.90,-2.66,-2.61,-8.13,-8.96,-8.61,-6.59,-4.37,-1.71,1.43,1.91,-5.33,-7.35,-7.27,-6.05,-4.47,-3.81,-1.72,-0.57,-9.76,-10.71,-10.41,-8.21,-4.29,-1.84,0.72,1.85,-4.09,-4.56,-4.49,-4.41,-3.99,-3.65,-2.94
820.00,1.38,-9.21,-9.17,-8.83,-8.33,-7.29,-6.46,-4.05,-4.26,-4.17,-4.21,-4.67,-5.70,-4.56,-3.82,-4.58,-4.69,-4.95,-5.09,-4.70,-5.55,-4.25,-3.97,-2.80,-4.33,-4.41,-5.26,-5.15,-6.08,-6.33,-6.39,-1.57,-2.22,-2.51,-2.60,-2.73,-3.32,-3.27,-2.77,-2.49,-2.46,-2.45,-2.44,-2.60,-3.00,-2.58,-2.77,-8.62,-9.02,-9.37,-6.62,-3.65,-0.77,1.19,2.03,-5.99,-6.82,-7.06,-5.55,-3.67,-2.15,-1.05,-0.07,-9.60,-10.40,-10.02,-7.82,-3.54,-0.74,1.75,2.34,-3.97,-4.19,-4.21,-4.10,-3.90,-3.59,-3.02
851.50,1.06,-8.48,-9.24,-9.09,-8.48,-7.52,-6.62,-4.26,-4.24,-4.10,-4.11,-4.73,-5.65,-4.63,-3.82,-4.66,-4.77,-4.76,-4.88,-4.88,-5.67,-4.88,-3.96,-3.91,-3.88,-3.99,-4.93,-5.71,-6.45,-5.40,-5.55,-1.77,-2.33,-2.55,-2.56,-2.78,-3.28,-3.18,-2.68,-2.25,-2.44,-2.35,-2.60,-2.66,-3.30,-2.97,-2.68,-8.26,-8.93,-8.78,-6.96,-4.26,-2.24,0.55,2.01,-4.75,-6.16,-6.97,-6.25,-4.77,-3.28,-1.34,-0.79,-9.40,-10.24,-9.97,-7.34,-3.17,-0.83,1.59,2.12,-4.07,-4.41,-4.56,-4.35,-4.14,-3.68,-3.14
881.50,-0.32,-8.14,-9.25,-9.04,-8.53,-7.43,-6.64,-4.29,-4.31,-4.21,-4.51,-5.04,-5.86,-4.90,-3.82,-4.67,-4.78,-4.77,-4.75,-4.78,-5.67,-4.95,-4.15,-3.87,-4.10,-4.58,-5.31,-5.61,-6.60,-4.97,-5.46,-1.88,-2.30,-2.52,-2.47,-2.61,-3.27,-3.36,-2.93,-1.67,-2.00,-2.17,-2.40,-2.54,-3.04,-2.80,-2.93,-9.03,-9.58,-8.56,-6.14,-3.37,-0.93,1.03,1.75,-5.43,-6.66,-7.21,-6.23,-4.30,-2.78,-0.40,0.06,-8.60,-9.65,-10.37,-10.09,-5.38,-2.59,-0.01,1.44,-4.30,-4.69,-4.76,-4.53,-4.32,-3.87,-3.18
911.50,1.04,-8.80,-9.07,-9.12,-8.45,-7.35,-6.62,-4.23,-4.28,-4.10,-4.19,-4.75,-5.61,-4.80,-4.09,-4.66,-4.64,-4.74,-4.88,-4.78,-5.58,-4.89,-3.99,-4.56,-4.44,-4.85,-5.28,-5.70,-6.06,-4.78,-5.68,-2.06,-2.47,-2.64,-2.58,-2.76,-3.25,-3.30,-2.75,-2.49,-2.62,-2.79,-3.00,-2.69,-3.00,-2.28,-2.75,-6.66,-6.90,-7.16,-5.62,-3.92,-2.93,-0.34,0.01,-5.82,-6.86,-7.84,-6.78,-4.19,-3.04,-0.94,-0.01,-8.85,-10.28,-10.35,-8.47,-4.09,-2.34,0.39,1.00,-3.99,-4.43,-4.55,-4.19,-4.18,-3.75,-2.96
941.50,1.76,-9.76,-8.46,-9.27,-9.01,-7.74,-6.86,-4.22,-4.26,-4.07,-4.38,-4.75,-5.71,-4.66,-3.85,-4.70,-4.88,-4.71,-4.79,-4.86,-5.66,-4.76,-3.90,-3.73,-4.10,-4.04,-4.66,-5.42,-6.53,-4.82,-5.52,-2.13,-2.44,-2.76,-2.70,-2.79,-3.29,-3.18,-2.69,-2.47,-2.46,-2.45,-2.62,-2.68,-3.29,-2.82,-2.69,-3.16,-3.87,-3.83,-3.04,-2.68,-3.53,-3.08,-3.29,-6.15,-7.36,-7.38,-6.07,-3.62,-2.77,-1.16,-0.01,-8.81,-9.64,-10.27,-8.97,-4.88,-2.34,1.12,2.25,-4.19,-4.71,-4.88,-4.66,-4.45,-3.92,-2.93
971.50,1.37,-8.36,-9.55,-9.40,-8.90,-7.73,-6.89,-4.42,-4.43,-4.31,-4.45,-4.75,-5.88,-4.75,-4.16,-4.85,-4.81,-4.82,-5.06,-4.84,-5.73,-4.99,-4.00,-4.57,-4.79,-5.13,-5.76,-5.61,-6.57,-4.98,-5.69,-2.12,-2.53,-2.71,-2.74,-2.78,-3.20,-2.94,-2.59,-2.51,-2.62,-2.62,-2.56,-2.44,-2.99,-2.62,-2.59,-2.10,-2.48,-2.89,-2.69,-3.00,-4.21,-3.97,-4.02,-5.99,-7.38,-7.39,-6.64,-3.74,-2.71,-0.77,0.42,-9.66,-9.81,-10.40,-8.79,-5.05,-2.51,0.23,1.20,-4.19,-4.73,-4.97,-4.63,-4.36,-3.91,-3.06
1001.50,1.30,-9.50,-9.67,-9.54,-8.86,-7.83,-6.94,-4.36,-4.41,-4.25,-4.47,-4.88,-5.89,-4.79,-3.88,-4.89,-4.98,-4.91,-5.21,-4.92,-5.83,-4.95,-4.16,-4.57,-4.11,-4.45,-5.18,-5.46,-6.58,-5.06,-5.68,-2.06,-2.46,-2.74,-2.73,-2.83,-3.26,-3.12,-2.77,-2.45,-2.59,-2.62,-2.65,-2.57,-2.97,-2.74,-2.77,-1.84,-2.59,-2.46,-2.65,-2.83,-3.93,-4.17,-4.00,-4.01,-4.64,-4.60,-4.16,-3.40,-3.14,-2.17,-1.70,-4.05,-4.05,-4.94,-4.64,-3.92,-4.11,-3.13,-2.33,-4.19,-4.62,-4.46,-4.29,-4.31,-3.84,-3.10
1028.00,1.40,-9.57,-9.93,-9.91,-9.29,-8.14,-7.17,-4.45,-4.68,-4.62,-4.87,-5.32,-6.16,-5.41,-4.23,-4.79,-5.11,-5.04,-5.17,-5.28,-6.11,-5.22,-4.23,-3.99,-4.46,-4.59,-5.46,-5.98,-6.51,-5.65,-5.87,-2.52,-2.81,-3.06,-2.97,-3.00,-3.48,-3.30,-2.75,-2.77,-2.79,-2.74,-2.74,-2.74,-3.10,-3.02,-2.75,-1.83,-1.75,-2.37,-2.85,-3.07,-4.79,-4.24,-4.49,-3.36,-3.79,-4.07,-3.67,-3.02,-2.87,-2.74,-2.51,-2.83,-3.21,-3.11,-3.54,-3.84,-4.18,-4.25,-3.99,-4.85,-4.80,-4.71,-4.74,-4.61,-4.33,-3.44
1058.00,1.20,-10.19,-10.39,-10.14,-9.57,-8.50,-7.44,-4.61,-4.84,-4.77,-5.12,-5.42,-6.42,-5.64,-4.78,-5.03,-5.22,-5.42,-5.49,-5.04,-6.28,-5.19,-4.15,-5.15,-5.41,-5.05,-5.07,-6.03,-6.65,-5.62,-5.86,-2.60,-2.84,-3.13,-3.08,-3.11,-3.59,-3.48,-2.89,-2.78,-2.85,-2.93,-2.85,-2.82,-3.38,-3.12,-2.89,-1.88,-2.24,-2.40,-2.94,-3.43,-4.24,-4.17,-4.17,-3.08,-3.49,-3.74,-3.44,-2.86,-3.09,-2.96,-2.78,-3.01,-3.36,-3.78,-3.43,-3.27,-3.86,-3.50,-3.24,-5.13,-5.39,-5.26,-5.06,-4.83,-4.49,-3.54
1091.50,1.02,-9.96,-10.25,-10.25,-9.59,-8.51,-7.52,-4.58,-4.71,-4.68,-4.76,-5.09,-6.30,-5.39,-4.51,-5.07,-5.17,-5.23,-5.45,-5.29,-6.09,-4.98,-3.96,-4.35,-4.10,-4.70,-5.81,-5.74,-6.48,-5.48,-6.01,-2.65,-2.90,-3.18,-3.08,-3.17,-3.63,-3.41,-3.06,-2.88,-2.97,-3.00,-3.00,-2.87,-3.37,-3.20,-3.06,-1.82,-2.08,-2.60,-2.68,-3.05,-4.46,-4.37,-4.38,-2.96,-3.30,-3.48,-3.32,-2.88,-3.27,-3.04,-2.80,-2.68,-2.88,-2.86,-3.33,-3.32,-3.88,-4.32,-4.58,-5.25,-5.45,-5.29,-5.08,-4.94,-4.40,-3.58
1120.50,1.03,-9.57,-9.82,-9.72,-9.09,-8.04,-7.05,-4.42,-4.63,-4.59,-4.72,-4.95,-5.94,-4.87,-4.17,-4.69,-5.12,-5.03,-5.23,-4.98,-5.90,-5.02,-4.19,-4.00,-4.72,-4.85,-5.49,-5.90,-6.91,-5.66,-6.44,-2.58,-2.86,-3.33,-3.25,-3.03,-3.46,-3.37,-2.61,-2.59,-2.90,-3.06,-2.91,-2.99,-3.40,-3.11,-2.61,-1.58,-1.84,-2.15,-2.33,-2.54,-3.80,-3.26,-3.56,-2.65,-2.98,-3.26,-3.05,-2.61,-3.10,-2.88,-2.68,-3.38,-3.60,-3.61,-3.63,-4.00,-3.94,-3.61,-3.42,-4.48,-4.78,-4.89,-4.73,-4.49,-4.13,-3.26
1150.50,1.04,-8.82,-9.42,-9.37,-8.66,-7.67,-6.84,-4.28,-4.45,-4.36,-4.44,-4.68,-5.60,-4.72,-4.00,-4.63,-4.94,-4.97,-5.10,-4.79,-5.71,-4.79,-3.91,-4.46,-4.35,-4.40,-5.47,-5.97,-6.50,-5.20,-5.94,-2.12,-2.45,-2.64,-2.67,-2.67,-3.13,-3.06,-2.63,-2.59,-2.67,-2.74,-2.64,-2.46,-2.92,-2.56,-2.63,-2.11,-2.89,-2.82,-2.93,-3.24,-3.67,-3.28,-3.32,-2.40,-2.75,-2.88,-2.70,-2.45,-2.85,-2.67,-2.44,-2.67,-3.16,-3.22,-3.33,-3.09,-3.50,-3.19,-3.31,-4.40,-4.74,-4.63,-4.33,-3.99,-3.71,-3.21
1181.50,0.09,-6.98,-9.58,-9.47,-8.77,-7.47,-6.90,-4.25,-4.44,-4.31,-4.46,-4.76,-5.62,-4.65,-3.81,-4.72,-4.73,-4.94,-4.83,-4.86,-5.76,-4.90,-4.16,-3.95,-3.95,-4.28,-5.35,-5.63,-6.22,-4.37,-5.67,-1.99,-2.34,-2.70,-2.71,-2.80,-3.21,-3.11,-2.52,-2.57,-2.58,-2.62,-2.56,-2.43,-2.88,-2.63,-2.52,-1.78,-2.19,-2.94,-3.09,-3.23,-3.61,-3.07,-3.25,-2.35,-2.65,-2.80,-2.71,-2.55,-2.86,-2.59,-2.56,-2.99,-3.02,-3.22,-3.46,-3.02,-3.24,-3.46,-3.41,-4.23,-4.45,-4.48,-4.23,-4.09,-3.67,-3.11
1208.50,1.29,-8.83,-9.50,-9.38,-8.80,-7.63,-6.80,-4.21,-4.25,-4.08,-4.35,-4.77,-5.70,-4.75,-4.04,-4.65,-4.58,-4.90,-4.76,-4.90,-5.79,-4.97,-4.18,-4.63,-4.62,-4.76,-5.18,-5.51,-6.82,-5.08,-5.77,-2.02,-2.42,-2.63,-2.70,-2.80,-3.24,-3.21,-2.58,-2.56,-2.68,-2.59,-2.61,-2.56,-2.97,-2.72,-2.58,-2.10,-2.29,-1.95,-2.40,-3.00,-3.33,-2.78,-3.01,-2.42,-2.67,-2.83,-2.74,-2.47,-2.90,-2.75,-2.51,-2.76,-3.70,-3.75,-3.10,-2.89,-3.17,-3.19,-2.99,-4.06,-4.56,-4.82,-4.55,-4.39,-3.96,-3.03
1237.00,1.01,-9.05,-9.43,-9.16,-8.66,-7.60,-6.76,-4.22,-4.30,-4.26,-4.42,-4.85,-5.80,-4.78,-3.86,-4.79,-4.83,-4.82,-4.83,-4.65,-5.70,-4.86,-4.05,-4.38,-4.52,-4.99,-5.22,-5.89,-6.54,-4.93,-5.84,-1.98,-2.36,-2.61,-2.63,-2.80,-3.22,-3.08,-2.81,-2.54,-2.63,-2.67,-2.64,-2.52,-2.84,-2.66,-2.81,-2.20,-2.77,-3.27,-3.38,-3.23,-3.54,-3.18,-2.96,-2.43,-2.73,-2.88,-2.74,-2.48,-2.86,-2.73,-2.44,-3.40,-3.27,-3.46,-3.14,-2.87,-3.63,-3.55,-3.13,-4.17,-4.33,-4.35,-4.49,-4.00,-4.08,-3.12
1268.50,1.30,-9.29,-9.55,-9.36,-8.81,-7.59,-6.72,-4.20,-4.37,-4.10,-4.38,-4.79,-5.66,-4.64,-3.76,-4.80,-4.86,-4.83,-4.91,-4.97,-6.06,-5.01,-4.00,-4.28,-4.05,-4.34,-5.48,-5.72,-6.38,-5.03,-5.66,-1.90,-2.35,-2.66,-2.64,-2.86,-3.30,-3.20,-2.75,-2.52,-2.63,-2.61,-2.59,-2.53,-2.93,-2.66,-2.75,-2.03,-2.25,-2.63,-3.05,-2.76,-3.52,-3.32,-3.39,-2.44,-2.70,-2.80,-2.71,-2.45,-2.87,-2.69,-2.53,-2.87,-3.14,-2.88,-2.80,-3.36,-3.83,-3.67,-3.13,-4.05,-4.42,-4.46,-4.48,-4.23,-3.81,-2.93
1299.00,0.36,-8.42,-8.88,-8.75,-8.16,-7.18,-6.36,-4.40,-4.21,-4.22,-4.24,-4.79,-5.83,-5.10,-4.29,-4.41,-4.61,-4.88,-4.65,-5.06,-5.91,-4.74,-3.86,-3.41,-4.87,-6.22,-6.56,-5.71,-5.33,-4.82,-5.18,-1.09,-1.93,-2.50,-2.52,-2.73,-3.10,-2.96,-2.55,-2.30,-2.40,-2.39,-2.37,-2.21,-2.61,-2.32,-2.55,-2.11,-2.43,-2.65,-2.35,-2.31,-2.81,-3.08,-2.93,-1.99,-2.37,-2.46,-2.40,-2.28,-2.67,-2.56,-2.27,-2.62,-2.26,-2.61,-2.84,-2.62,-2.97,-2.96,-2.66,-3.92,-4.23,-4.30,-4.10,-3.99,-3.57,-2.71
1330.50,1.49,-7.72,-8.14,-8.09,-7.62,-6.74,-6.09,-3.57,-3.58,-3.44,-3.71,-4.15,-4.93,-4.12,-3.29,-4.13,-4.12,-4.00,-4.40,-4.41,-5.29,-4.52,-4.14,-3.51,-4.00,-3.77,-4.84,-4.91,-5.53,-4.25,-4.81,0.05,-1.21,-2.22,-2.45,-2.75,-3.22,-3.13,-2.67,-2.09,-2.15,-2.10,-2.09,-2.09,-2.38,-2.29,-2.67,-1.77,-1.97,-2.43,-2.64,-2.61,-3.00,-2.16,-2.56,-1.99,-2.20,-2.39,-2.22,-2.08,-2.37,-2.21,-2.08,-2.89,-3.12,-3.08,-3.03,-2.57,-2.52,-2.47,-2.32,-3.71,-3.96,-4.14,-3.87,-3.53,-3.27,-2.57
1361.50,1.43,-7.35,-8.13,-7.90,-7.46,-6.47,-5.85,-3.46,-3.43,-3.31,-3.70,-4.24,-4.97,-4.37,-3.51,-4.24,-4.13,-4.12,-4.29,-4.38,-5.27,-4.63,-4.05,-3.49,-3.58,-3.76,-4.85,-4.94,-5.89,-4.47,-4.76,0.82,-1.01,-1.85,-2.45,-2.77,-3.05,-2.82,-2.52,-2.04,-2.15,-2.44,-2.09,-1.88,-2.25,-2.08,-2.52,-1.60,-1.85,-2.28,-2.20,-2.58,-2.84,-2.64,-2.82,-1.96,-2.03,-2.19,-2.13,-1.86,-2.28,-2.34,-2.11,-2.48,-2.64,-2.63,-2.86,-2.72,-3.22,-2.79,-2.63,-3.87,-4.13,-4.04,-3.69,-3.33,-3.04,-2.61
1390.50,0.77,-7.06,-7.72,-7.81,-7.38,-6.48,-5.79,-3.39,-3.36,-3.28,-3.74,-4.23,-4.95,-4.08,-3.59,-4.18,-4.17,-4.01,-4.24,-4.37,-5.18,-4.62,-4.19,-3.62,-3.24,-4.03,-4.41,-4.72,-5.82,-4.73,-5.43,0.49,-0.93,-1.91,-2.46,-2.81,-3.20,-3.21,-2.65,-1.88,-2.03,-2.03,-1.93,-1.97,-2.34,-2.26,-2.65,-1.34,-1.38,-1.63,-1.76,-2.20,-3.37,-3.18,-3.39,-1.87,-2.13,-2.25,-2.12,-1.99,-2.35,-2.16,-2.08,-2.52,-2.66,-2.44,-2.74,-2.39,-2.65,-2.50,-2.02,-3.86,-4.00,-3.78,-3.40,-3.25,-3.12,-2.61
1420.50,0.17,-7.77,-7.68,-7.22,-7.28,-6.47,-5.90,-3.42,-3.38,-3.12,-3.81,-4.24,-4.82,-4.22,-3.65,-4.21,-4.02,-3.95,-4.10,-4.28,-5.23,-4.65,-4.11,-3.66,-3.43,-3.81,-4.27,-4.54,-5.73,-4.74,-5.63,0.84,-0.81,-1.80,-2.38,-2.77,-3.19,-3.20,-2.64,-2.03,-2.04,-2.04,-1.96,-2.04,-2.37,-2.26,-2.64,-1.67,-2.26,-2.20,-2.39,-2.35,-3.24,-2.45,-2.60,-1.86,-2.04,-2.16,-2.10,-1.92,-2.27,-2.23,-2.03,-1.13,-1.23,-1.42,-2.19,-2.98,-3.32,-2.94,-2.62,-3.55,-3.66,-3.53,-3.44,-3.42,-2.99,-2.37
1451.50,1.02,-7.03,-7.66,-7.57,-7.14,-6.47,-5.75,-3.37,-3.42,-3.33,-3.79,-4.16,-4.65,-4.14,-3.59,-4.10,-3.92,-3.97,-4.22,-4.27,-5.18,-4.59,-4.09,-3.36,-3.48,-4.19,-4.57,-4.83,-5.85,-4.67,-5.13,0.93,-0.83,-1.85,-2.44,-2.79,-3.19,-3.18,-2.67,-1.77,-1.92,-1.90,-2.00,-2.07,-2.50,-2.36,-2.67,-1.23,-1.85,-2.25,-2.63,-2.73,-3.16,-2.58,-2.91,-1.72,-2.01,-2.20,-2.16,-1.98,-2.24,-2.17,-2.04,-1.75,-2.18,-2.58,-2.97,-2.91,-3.35,-2.75,-2.15,-3.45,-3.63,-3.67,-3.49,-3.38,-3.02,-2.26
1481.50,1.16,-7.21,-7.62,-7.51,-7.20,-6.39,-5.62,-3.30,-3.34,-3.17,-3.58,-4.18,-4.77,-4.11,-3.55,-4.18,-3.81,-3.95,-4.15,-4.02,-4.97,-4.58,-4.05,-3.10,-3.75,-4.03,-4.94,-5.00,-5.72,-4.71,-5.23,0.88,-0.67,-1.80,-2.32,-2.72,-3.16,-3.24,-2.74,-1.65,-1.82,-1.91,-1.92,-2.07,-2.28,-2.19,-2.74,-1.54,-1.68,-2.16,-1.80,-1.98,-2.81,-2.47,-2.51,-1.83,-1.94,-2.13,-2.08,-1.91,-2.22,-2.20,-2.04,-1.48,-1.42,-1.84,-1.92,-2.14,-2.82,-2.92,-3.02,-3.72,-3.63,-3.51,-3.83,-3.46,-3.02,-2.28
1511.50,0.66,-6.32,-7.61,-7.58,-7.24,-6.38,-5.73,-3.42,-3.37,-3.18,-3.64,-4.05,-4.50,-4.16,-3.53,-4.21,-3.99,-3.73,-4.03,-4.05,-5.03,-4.65,-3.87,-3.78,-3.59,-3.93,-4.33,-4.65,-5.42,-4.49,-5.60,0.95,-0.72,-1.83,-2.39,-2.82,-3.20,-3.23,-2.74,-1.31,-1.80,-1.97,-2.04,-2.11,-2.39,-2.27,-2.74,-1.57,-1.83,-2.06,-2.02,-2.41,-3.05,-2.13,-2.40,-1.84,-1.97,-2.14,-2.09,-1.96,-2.34,-2.11,-1.96,-1.61,-2.21,-2.29,-2.46,-2.55,-3.02,-2.93,-2.93,-3.01,-3.41,-3.47,-3.40,-3.21,-2.90,-2.24
1541.50,0.54,-6.67,-7.74,-7.69,-7.29,-6.44,-5.73,-3.30,-3.41,-3.18,-3.83,-4.05,-4.85,-4.16,-3.75,-4.40,-4.17,-4.03,-3.87,-4.24,-5.03,-4.29,-3.94,-3.82,-3.49,-5.06,-5.32,-5.54,-5.56,-4.99,-5.25,0.82,-0.72,-1.83,-2.39,-2.77,-3.31,-3.35,-2.80,-0.16,-1.33,-2.31,-2.25,-2.32,-2.62,-2.53,-2.80,-1.13,-1.69,-1.55,-2.06,-2.43,-3.10,-2.92,-3.25,-1.81,-2.13,-2.21,-2.14,-2.00,-2.32,-2.21,-1.99,-1.23,-1.34,-1.90,-2.80,-2.40,-2.67,-2.49,-2.63,-3.05,-3.39,-3.65,-3.61,-3.38,-3.02,-2.24
1571.50,1.15,-8.01,-8.90,-8.66,-8.26,-7.40,-6.49,-4.00,-4.08,-3.89,-4.40,-4.76,-5.92,-4.77,-4.17,-4.62,-4.49,-4.52,-4.54,-4.67,-5.73,-5.17,-4.37,-3.90,-4.06,-4.49,-4.96,-5.63,-6.32,-4.66,-5.64,-0.78,-1.56,-2.34,-2.69,-3.01,-3.51,-3.52,-2.96,-2.14,-2.48,-2.42,-2.43,-2.51,-2.85,-2.64,-2.96,-2.17,-2.16,-2.25,-2.85,-3.10,-3.93,-3.30,-3.42,-2.36,-2.54,-2.76,-2.59,-2.36,-2.78,-2.58,-2.37,-2.75,-2.39,-2.63,-2.79,-2.02,-3.03,-3.11,-2.97,-3.93,-4.33,-4.50,-4.34,-4.18,-3.65,-2.83
1601.50,1.00,-8.95,-9.31,-9.23,-8.73,-7.74,-6.78,-4.32,-4.37,-4.06,-4.45,-4.84,-5.92,-4.94,-4.09,-4.75,-4.66,-4.83,-4.81,-4.57,-5.77,-4.89,-4.08,-3.86,-4.32,-4.44,-4.91,-5.38,-6.48,-4.80,-5.70,-1.33,-1.80,-2.44,-2.85,-2.76,-3.68,-3.66,-2.96,-2.14,-2.29,-2.53,-2.43,-2.39,-3.02,-2.76,-2.96,-2.07,-2.56,-2.71,-2.81,-2.66,-3.61,-3.06,-2.78,-2.48,-2.65,-2.79,-2.57,-2.42,-2.80,-2.77,-2.53,-2.79,-2.79,-3.19,-2.91,-2.77,-3.33,-3.52,-3.56,-4.24,-4.72,-4.78,-4.50,-4.33,-3.80,-2.95
1631.00,-0.32,-9.17,-9.24,-9.32,-8.66,-7.63,-6.69,-4.35,-4.40,-4.20,-4.42,-4.86,-5.76,-4.84,-3.99,-4.70,-4.75,-4.86,-4.89,-4.95,-5.72,-4.86,-4.12,-4.31,-3.96,-4.38,-4.94,-5.52,-6.41,-5.13,-5.59,-1.69,-2.38,-2.69,-2.66,-2.91,-3.35,-3.27,-2.73,-2.57,-2.61,-2.64,-2.59,-2.58,-2.93,-2.71,-2.73,-1.83,-1.95,-2.64,-2.62,-2.85,-3.65,-3.09,-3.18,-2.37,-2.63,-2.88,-2.66,-2.43,-2.85,-2.78,-2.54,-2.90,-3.18,-2.70,-3.27,-3.21,-3.85,-3.92,-3.84,-4.53,-4.72,-4.66,-4.34,-4.09,-3.80,-3.08
1660.00,-0.32,-10.39,-10.42,-10.10,-9.32,-8.05,-7.05,-4.28,-4.35,-4.14,-4.59,-4.79,-5.79,-4.97,-4.13,-4.67,-4.74,-4.94,-4.95,-4.89,-5.87,-5.00,-4.07,-4.18,-4.44,-4.71,-5.47,-5.72,-6.12,-5.21,-5.70,-1.92,-2.42,-2.63,-2.62,-2.80,-3.29,-3.18,-2.73,-2.47,-2.53,-2.59,-2.56,-2.58,-2.95,-2.77,-2.73,-2.06,-2.68,-2.91,-3.44,-3.26,-3.47,-3.03,-3.22,-2.30,-2.67,-2.86,-2.72,-2.42,-2.85,-2.73,-2.42,-2.13,-2.58,-3.07,-3.09,-2.85,-3.50,-3.58,-3.82,-4.18,-4.55,-4.65,-4.32,-4.22,-3.75,-2.99
1690.00,1.45,-9.27,-9.37,-9.25,-8.75,-7.62,-6.81,-4.38,-4.42,-4.26,-4.53,-4.89,-5.81,-4.81,-3.92,-4.82,-4.92,-4.87,-4.89,-4.88,-5.79,-5.00,-4.05,-3.96,-3.95,-4.39,-5.01,-5.84,-5.91,-4.69,-5.74,-1.82,-2.32,-2.64,-2.64,-2.82,-3.25,-3.14,-2.75,-2.51,-2.61,-2.50,-2.57,-2.57,-2.92,-2.67,-2.75,-2.45,-2.44,-2.69,-3.11,-2.63,-3.47,-2.86,-2.85,-2.47,-2.72,-2.84,-2.65,-2.54,-2.93,-2.69,-2.47,-3.22,-3.08,-3.61,-3.96,-3.31,-3.54,-3.09,-3.01,-4.19,-4.44,-4.38,-4.11,-3.97,-3.65,-3.09
1721.00,1.34,-9.04,-9.62,-9.61,-8.90,-7.95,-6.97,-4.25,-4.39,-4.28,-4.57,-5.00,-5.84,-4.95,-3.95,-4.87,-4.94,-4.90,-4.90,-4.85,-5.76,-4.82,-3.94,-4.05,-4.15,-4.35,-5.18,-5.65,-6.43,-4.89,-5.71,-1.84,-2.32,-2.68,-2.61,-2.83,-3.30,-3.17,-2.87,-2.56,-2.55,-2.57,-2.60,-2.58,-2.97,-2.73,-2.87,-1.52,-1.64,-2.28,-3.13,-3.06,-3.42,-3.20,-3.63,-2.55,-2.66,-2.77,-2.78,-2.54,-2.96,-2.82,-2.58,-1.74,-2.31,-2.89,-3.12,-3.05,-3.74,-3.55,-3.58,-4.16,-4.71,-5.31,-4.18,-4.17,-3.36,-2.83
1751.00,1.15,-9.28,-9.53,-9.68,-8.94,-7.86,-6.99,-4.48,-4.47,-4.33,-4.43,-5.02,-5.81,-4.84,-4.12,-4.90,-4.86,-4.94,-4.99,-4.93,-6.02,-4.95,-4.15,-4.37,-4.21,-4.41,-5.43,-5.72,-6.47,-4.71,-5.54,-2.03,-2.52,-2.74,-2.78,-2.89,-3.28,-3.17,-2.63,-2.59,-2.62,-2.62,-2.68,-2.61,-3.04,-2.79,-2.63,-2.19,-2.16,-2.62,-2.87,-2.87,-3.68,-3.46,-3.42,-2.44,-2.67,-2.82,-2.66,-2.49,-2.91,-2.78,-2.57,-3.55,-3.67,-3.66,-3.21,-2.67,-3.70,-3.34,-2.85,-3.98,-4.25,-4.37,-4.26,-4.09,-3.77,-2.77
1780.50,1.82,-9.50,-9.79,-9.58,-8.98,-7.91,-6.96,-4.04,-4.47,-4.66,-4.89,-5.54,-6.54,-4.84,-4.27,-4.78,-4.71,-4.73,-4.98,-4.41,-5.44,-4.73,-3.62,-4.47,-4.07,-4.36,-5.64,-6.92,-6.74,-5.27,-6.94,-2.05,-2.42,-2.71,-2.78,-2.90,-3.34,-3.22,-2.67,-2.44,-2.60,-2.61,-2.56,-2.55,-2.91,-2.79,-2.67,-1.83,-2.14,-2.70,-2.79,-3.21,-3.66,-3.01,-3.06,-2.38,-2.69,-2.83,-2.63,-2.48,-2.96,-2.76,-2.58,-2.79,-3.09,-3.19,-3.10,-2.90,-3.45,-3.46,-3.32,-3.97,-4.33,-4.33,-4.31,-4.06,-3.78,-2.91
1809.50,0.97,-9.35,-9.59,-9.61,-8.87,-7.84,-6.92,-4.36,-4.44,-4.35,-4.44,-4.86,-5.77,-4.95,-3.97,-5.02,-4.80,-4.95,-5.23,-4.80,-5.92,-4.96,-3.89,-4.59,-4.61,-5.15,-6.01,-5.72,-6.31,-5.00,-5.78,-2.06,-2.41,-2.74,-2.65,-2.83,-3.20,-3.05,-2.66,-2.59,-2.63,-2.69,-2.57,-2.53,-2.85,-2.66,-2.66,-1.83,-2.31,-2.75,-3.12,-3.07,-3.51,-2.79,-2.72,-2.43,-2.70,-2.89,-2.68,-2.47,-2.85,-2.68,-2.42,-2.60,-2.79,-2.88,-2.92,-3.11,-2.79,-2.88,-3.39,-4.01,-4.57,-4.69,-4.58,-4.32,-3.81,-2.97
1840.00,0.48,-9.43,-9.55,-9.40,-8.77,-7.72,-6.87,-4.46,-4.53,-4.26,-4.56,-4.84,-5.77,-4.90,-3.85,-4.67,-4.94,-4.85,-5.01,-4.95,-5.79,-4.83,-4.08,-4.64,-4.20,-4.42,-5.30,-5.53,-6.94,-5.02,-5.74,-2.02,-2.63,-2.88,-2.68,-2.74,-3.24,-3.09,-2.47,-2.54,-2.39,-2.44,-2.35,-2.46,-3.15,-2.39,-2.47,-1.89,-1.90,-2.62,-2.90,-2.58,-3.08,-2.78,-2.93,-2.44,-2.67,-2.78,-2.68,-2.41,-2.84,-2.72,-2.53,-2.64,-2.75,-2.87,-2.77,-2.78,-3.45,-4.05,-2.90,-4.02,-4.31,-4.44,-4.40,-4.25,-3.67,-2.83
1871.50,0.44,-9.38,-9.62,-9.34,-8.79,-7.57,-6.79,-4.40,-4.46,-4.36,-4.46,-4.85,-5.85,-4.84,-4.05,-4.94,-4.92,-5.02,-5.13,-4.99,-5.91,-5.00,-4.10,-4.59,-4.77,-5.12,-5.98,-6.27,-6.64,-5.17,-6.41,-1.99,-2.42,-2.68,-2.72,-2.86,-3.18,-3.10,-2.69,-2.44,-2.49,-2.58,-2.69,-2.45,-2.84,-2.61,-2.69,-1.61,-1.75,-2.48,-2.47,-2.69,-3.22,-2.86,-2.95,-2.41,-2.69,-2.77,-2.62,-2.40,-2.85,-2.77,-2.45,-3.05,-3.23,-3.54,-3.63,-2.43,-3.37,-3.24,-2.79,-4.26,-4.54,-4.42,-4.38,-4.22,-3.71,-2.77
1901.50,2.55,-8.79,-9.39,-9.51,-8.70,-7.45,-6.80,-4.34,-4.41,-4.31,-4.49,-4.85,-5.74,-4.82,-3.89,-4.93,-4.89,-5.17,-5.23,-5.12,-5.89,-4.88,-3.98,-4.32,-4.22,-5.36,-5.69,-5.90,-6.52,-5.53,-6.09,-1.97,-2.28,-2.65,-2.70,-2.84,-3.24,-3.11,-2.60,-2.51,-2.55,-2.56,-2.64,-2.54,-2.89,-2.63,-2.60,-1.86,-2.05,-3.05,-3.40,-2.74,-3.80,-3.06,-3.26,-2.35,-2.65,-2.75,-2.64,-2.42,-2.85,-2.81,-2.47,-2.67,-2.50,-2.82,-2.93,-3.32,-4.26,-3.72,-3.53,-4.02,-4.51,-4.49,-4.24,-4.14,-3.70,-2.87
1931.00,0.71,-8.44,-8.59,-8.50,-8.03,-7.02,-6.19,-3.99,-4.04,-3.98,-4.00,-4.69,-5.45,-4.69,-3.79,-4.07,-4.21,-4.34,-4.54,-4.72,-5.58,-5.04,-4.17,-3.75,-3.75,-4.13,-4.83,-5.17,-6.50,-5.78,-5.86,-2.24,-2.70,-3.00,-2.87,-3.02,-3.55,-3.36,-2.85,-2.71,-2.74,-2.77,-2.74,-2.70,-3.11,-2.84,-2.85,-2.36,-2.45,-3.08,-3.18,-3.03,-3.84,-3.29,-3.64,-2.55,-2.90,-3.00,-2.87,-2.63,-3.07,-2.90,-2.67,-2.72,-2.53,-3.19,-2.79,-2.58,-3.48,-3.82,-3.64,-4.37,-4.71,-4.86,-4.68,-4.57,-3.97,-3.10
1960.50,-0.41,-8.05,-8.16,-8.27,-7.83,-6.93,-6.12,-2.92,-3.27,-3.56,-3.96,-4.25,-5.50,-5.28,-4.71,-2.83,-2.87,-3.32,-3.76,-4.09,-5.46,-5.42,-4.69,-2.63,-3.23,-4.06,-4.43,-4.81,-5.73,-5.63,-5.21,-2.81,-3.11,-3.35,-3.23,-3.32,-3.89,-3.64,-3.10,-3.13,-3.14,-3.16,-3.17,-3.07,-3.62,-3.34,-3.10,-2.64,-3.10,-3.35,-3.79,-3.80,-4.14,-3.45,-3.36,-3.06,-3.36,-3.50,-3.28,-2.98,-3.56,-3.19,-2.89,-2.84,-3.28,-3.48,-3.72,-3.51,-3.96,-4.09,-3.33,-4.92,-5.44,-5.85,-5.58,-5.04,-4.30,-3.21
1989.50,-3.54,-7.59,-7.88,-7.99,-8.02,-7.53,-7.05,-2.73,-3.16,-3.48,-4.06,-4.14,-5.29,-5.45,-4.93,-3.17,-3.17,-3.59,-3.96,-4.01,-5.00,-4.95,-4.36,-3.10,-3.15,-3.54,-4.40,-4.44,-5.07,-5.18,-4.70,-3.05,-3.29,-3.67,-3.47,-3.54,-4.07,-3.70,-3.06,-3.13,-3.30,-3.22,-3.43,-3.36,-3.89,-3.77,-3.06,-1.92,-2.15,-3.26,-3.82,-3.76,-4.45,-3.80,-3.59,-3.28,-3.52,-3.62,-3.37,-3.24,-3.79,-3.53,-3.19,-3.78,-3.62,-4.39,-4.33,-3.91,-4.56,-5.21,-5.12,-4.86,-5.23,-5.47,-5.49,-5.22,-4.74,-3.77
2019.50,-4.77,-7.35,-7.66,-7.64,-7.82,-7.30,-6.83,-3.31,-3.34,-3.69,-3.31,-4.04,-5.11,-4.54,-4.25,-2.99,-2.98,-3.46,-4.17,-4.11,-4.62,-4.95,-4.13,-2.90,-2.22,-3.33,-4.14,-4.78,-5.25,-5.20,-5.02,-3.11,-3.42,-3.79,-3.63,-3.70,-4.25,-3.94,-3.25,-3.26,-3.44,-3.44,-3.50,-3.49,-4.11,-3.86,-3.25,-1.86,-1.94,-3.11,-3.40,-3.71,-4.24,-3.81,-3.97,-3.40,-3.69,-3.87,-3.71,-3.45,-3.96,-3.64,-3.44,-4.07,-4.64,-4.34,-4.61,-3.92,-4.74,-4.62,-4.76,-5.01,-5.49,-5.58,-5.76,-5.72,-5.12,-4.02
2051.00,-1.68,-7.41,-7.52,-7.85,-7.70,-7.37,-6.89,-2.76,-3.01,-3.34,-3.66,-3.94,-4.98,-4.96,-4.46,-2.55,-2.67,-3.24,-3.48,-3.61,-4.49,-4.71,-4.38,-2.52,-2.66,-3.48,-4.29,-4.42,-4.80,-5.03,-5.00,-3.19,-3.42,-3.67,-3.70,-3.67,-4.30,-3.99,-3.17,-3.36,-3.47,-3.51,-3.56,-3.51,-4.09,-3.81,-3.17,-2.04,-2.30,-3.28,-3.17,-3.46,-4.57,-3.89,-3.73,-3.21,-3.49,-3.78,-3.64,-3.43,-3.93,-3.74,-3.27,-3.09,-3.46,-4.15,-4.09,-3.62,-5.29,-5.31,-5.29,-5.08,-5.54,-5.71,-5.80,-5.79,-5.10,-4.06
2081.00,-3.67,-7.27,-7.43,-7.54,-7.54,-7.02,-6.52,-2.70,-3.07,-3.36,-3.82,-3.95,-4.85,-4.86,-4.50,-2.54,-2.64,-2.82,-3.19,-3.36,-4.49,-4.55,-4.45,-2.61,-2.99,-3.61,-4.01,-3.87,-4.61,-4.43,-4.28,-3.19,-3.42,-3.67,-3.76,-3.83,-4.29,-3.86,-3.39,-3.41,-3.55,-3.51,-3.47,-3.59,-4.09,-3.81,-3.39,-1.86,-2.06,-2.93,-3.23,-3.67,-4.22,-3.45,-3.83,-3.29,-3.71,-3.85,-3.69,-3.47,-4.04,-3.79,-3.43,-3.27,-3.87,-4.02,-4.60,-4.56,-4.80,-5.35,-5.24,-5.56,-5.93,-6.10,-5.99,-5.96,-5.13,-4.06
2105.00,-0.63,-7.32,-7.41,-7.53,-7.64,-7.15,-6.76,-2.55,-3.00,-3.10,-3.57,-3.78,-4.80,-4.72,-4.33,-2.27,-2.31,-2.76,-3.05,-3.11,-4.55,-4.71,-4.49,-2.82,-2.93,-3.79,-4.03,-3.88,-4.52,-4.58,-4.03,-3.30,-3.53,-3.72,-3.52,-3.66,-4.24,-3.85,-3.33,-3.48,-3.60,-3.76,-3.67,-3.63,-4.17,-3.84,-3.33,-0.65,-1.45,-2.70,-3.20,-3.97,-4.13,-3.96,-4.05,-3.43,-3.79,-3.87,-3.76,-3.44,-3.99,-3.70,-3.32,-3.87,-4.48,-5.96,-5.79,-4.19,-4.82,-4.15,-4.34,-5.95,-6.78,-6.66,-6.36,-5.88,-5.16,-4.33
2135.00,-1.98,-7.21,-7.44,-7.30,-7.55,-7.07,-6.71,-2.73,-2.98,-3.28,-3.56,-3.71,-4.73,-4.81,-4.35,-2.47,-2.40,-2.59,-2.94,-3.23,-4.45,-4.73,-4.59,-2.84,-3.17,-3.82,-3.94,-3.88,-4.57,-4.15,-4.08,-3.33,-3.57,-3.74,-3.74,-3.70,-4.34,-3.91,-3.26,-3.45,-3.55,-3.55,-3.56,-3.56,-4.15,-3.89,-3.26,-1.43,-2.03,-2.36,-3.44,-4.22,-4.76,-3.58,-4.03,-3.46,-3.76,-3.88,-3.70,-3.58,-4.09,-3.78,-3.46,-3.63,-3.64,-4.18,-4.18,-4.34,-4.97,-4.76,-4.41,-5.79,-6.27,-6.56,-6.39,-6.08,-5.26,-4.18
2171.00,-2.74,-7.27,-7.46,-7.35,-7.56,-7.07,-6.53,-2.52,-2.82,-3.21,-3.58,-3.77,-4.78,-4.79,-4.37,-2.29,-2.25,-2.54,-2.92,-3.30,-4.64,-4.71,-4.55,-3.09,-3.45,-3.87,-3.83,-3.83,-4.47,-3.99,-3.66,-3.37,-3.63,-3.81,-3.78,-3.68,-4.29,-3.85,-3.29,-3.48,-3.56,-3.67,-3.64,-3.56,-4.12,-3.91,-3.29,-1.39,-1.64,-2.62,-3.44,-3.08,-4.25,-3.67,-3.57,-3.51,-3.74,-3.98,-3.82,-3.55,-4.08,-3.86,-3.42,-3.45,-3.37,-3.84,-4.36,-4.80,-5.62,-4.91,-4.36,-5.94,-6.35,-6.70,-6.29,-6.16,-5.26,-4.31
2200.50,-2.32,-7.14,-7.38,-7.35,-7.56,-7.02,-6.56,-2.54,-2.75,-3.13,-3.56,-3.78,-4.82,-4.81,-4.35,-2.31,-2.19,-2.45,-2.89,-3.35,-4.64,-4.63,-4.28,-3.00,-3.45,-3.90,-3.97,-3.82,-4.35,-3.93,-3.88,-3.27,-3.57,-3.76,-3.72,-3.89,-4.31,-3.82,-3.36,-3.46,-3.63,-3.71,-3.73,-3.66,-4.09,-3.87,-3.36,-1.38,-2.21,-3.11,-3.52,-3.82,-4.17,-3.74,-3.79,-3.55,-3.82,-3.94,-3.79,-3.55,-4.09,-3.67,-3.29,-3.29,-3.40,-3.43,-3.41,-3.99,-5.75,-5.52,-5.01,-6.45,-6.88,-6.65,-6.61,-5.74,-5.09,-3.98
